feature,rawIC_fold2,rawIC_fold3,rawIC_pooled,rawIC_valid,basecorr_fold2,basecorr_valid,partial_fold2,partial_fold3,partial_valid,pool_pass
F1_rank_num0,-0.005726112380428531,-0.009231683412296824,-0.007478897896362678,-0.008631811440092443,-0.1395457176049478,-0.03606673584978957,0.01139285338622546,-0.005106669535408783,-0.005320574633663257,False
F1_rank_num2,-0.021270940332561737,-0.030777550774778572,-0.026024245553670153,-0.03403438368362051,-0.2761271869496549,-0.24265589770823398,0.012603347906191102,-0.004294742416334211,-0.011756483539426894,True
F1_rank_num5,0.0006285061122855747,0.00888125853710632,0.004754882324695947,0.010506870997239232,0.014358580505888674,0.08733171220141524,-0.0011329528013725408,0.0033350542794878266,0.0024890680828262204,False
F1_rank_num6,-0.011417969920530159,0.011674274500045947,0.0001281522897578942,-0.04840156357024443,-0.21043659228710668,-0.04395403677322345,0.014397632888671144,0.03672356959900756,-0.04436620464669802,False
F1_rank_num7,-0.043230026607954435,-0.058305870620703734,-0.05076794861432908,-0.04582839848680782,-0.49140804626927975,-0.4506504549763792,0.017054141662672925,-0.011101141686534637,-0.004454807608870029,True
F1_rank_num9,0.015661181423848314,0.0042294186973255345,0.009945300060586925,-0.04805091992133122,-0.256895159059613,-0.10755733262168406,0.04717615378588601,0.02616716097614314,-0.038176230954146934,False
F1_rank_num10,0.022422735654330193,0.006722361766324797,0.014572548710327496,-0.03216303344697522,-0.17633905607567896,-0.07745940324804075,0.04405537559552601,0.02320511694595276,-0.025051593473389436,True
F1_rank_num12,-0.0019419131571026258,0.0005333209097803889,-0.0007042961236611184,-0.0077847231886799635,-0.12075674239163316,-0.05480341192465128,0.01287208883862559,0.0035364594879869257,-0.0027532982369300176,False
F1_rank_num13,-0.005142406584549612,0.0020334024063582866,-0.0015545020890956628,0.00609279529540426,0.03850839982488475,0.033493542506550615,-0.009866478305597202,-0.005562963739414436,0.0030177997874301734,False
F1_rank_num14,0.00937643141074787,0.007102127756405296,0.008239279583576583,-0.007078530328879197,-0.10330382141794651,-0.048337534874467014,0.02204937195504201,0.00967523215152282,-0.0026407285473430547,False
F1_rank_num16,-0.009868089650714387,-0.0026923075439824044,-0.006280198597348395,0.010016543726735428,0.1225569980165393,0.034505426028452905,-0.024902940519076884,-0.006512013751406986,0.006848648601354972,False
F1_rank_num17,0.0,0.0,0.0,0.0,0.0,0.0,0.0,0.0,0.0,False
F1_rank_num18,0.0,0.0,0.0,0.0,0.0,0.0,0.0,0.0,0.0,False
F1_rank_num19,0.0,0.0,0.0,0.0,0.0,0.0,0.0,0.0,0.0,False
F1_rank_num20,0.0,0.0,0.0,0.0,0.0,0.0,0.0,0.0,0.0,False
F1_rank_num21,0.0,0.0,0.0,0.0,0.0,0.0,0.0,0.0,0.0,False
F1_rank_num22,0.0,0.0,0.0,0.0,0.0,0.0,0.0,0.0,0.0,False
F1_rank_num23,0.0,0.0,0.0,0.0,0.0,0.0,0.0,0.0,0.0,False
F1_rank_num24,0.0,0.0,0.0,0.0,0.0,0.0,0.0,0.0,0.0,False
F1_rank_num25,0.0,0.0,0.0,0.0,0.0,0.0,0.0,0.0,0.0,False
F1_rank_num26,0.004534874793447487,-0.001112525918268287,0.0017111744375896,0.007225759994715586,-0.03393718969753774,-0.013866146732847633,0.008698166928956145,0.000942004469423345,0.008498791621874072,False
F1_rank_num27,0.0019012116053356777,-0.0007737988993240548,0.0005637063530058114,0.0038391635261280036,-0.027885480687432768,-0.0039719799689320046,0.005322101887517484,-0.0005180925902158677,0.004203825477303822,False
F1_rank_num28,-0.006087229630948016,-0.011190630167626989,-0.008638929899287502,0.004186391450971432,-0.02573889227797447,-0.05552499006300442,-0.002929675079359134,-0.002484541460196917,0.00928406348702589,False
F1_rank_num29,0.007852822846143278,0.00812016264054991,0.007986492743346594,0.010509335199444398,-0.0003156446304877068,0.039938589808050554,0.007891544991949604,0.001215385962529924,0.006842628871484138,False
F1_rank_num30,-0.006933928931014574,-0.007194210364221497,-0.007064069647618036,-0.01097913134023617,-0.1198293597685963,-0.02591258909715673,0.007766305106449941,-0.005069125606448923,-0.00860013261061086,False
F1_rank_num31,-0.01929441097907318,-0.0007902310332482303,-0.010042321006160706,-0.005265790147131729,-0.08890078980523138,-0.004443922652705587,-0.008388382450037927,0.0012866149027662595,-0.004857799795195042,True
F1_rank_num32,-0.01735248450157831,0.00038850847772605633,-0.008481988011926128,-0.006236479682046407,-0.059511716260204864,0.004388789327028782,-0.010051801608123828,0.0007501669073302157,-0.006639408320109063,False
F1_rank_num33,-0.017508424659159517,-0.007436054721113082,-0.012472239690136298,-0.007573347627369727,-0.05744966432590479,-0.027660846063639295,-0.010460706866162505,-0.004922127392199603,-0.005033843859566778,True
F1_rank_num34,0.00374543268091235,0.01859245791284137,0.011168945296876861,0.019367992782680348,0.11337713009366669,0.18261630283180813,-0.010163265071387134,-0.001577960633926595,0.0026022442572498257,True
F1_rank_num35,0.0012599735858086752,0.012989353078545382,0.007124663332177029,0.012261655223708302,0.0899309633060241,0.1453247123274113,-0.009772432915954561,-0.0029330258880239397,-0.0010804042946904284,False
F1_rank_num36,-0.0033358165709956016,0.005720209575842296,0.0011921965024233473,0.002802192059309757,0.04412880647170766,0.08638190497099044,-0.00874937952569051,-0.002457094357976716,-0.0051284103755951105,False
F1_rank_num37,0.018489488265566137,0.010587288155861109,0.014538388210713623,0.0022190498129471105,0.0620595401533759,0.09922660173853329,0.010876247518275286,0.0007163447010393384,-0.006890806349859447,True
F1_rank_num44,0.0070430955151951176,-6.690834696227525e-05,0.0034880935841164213,-0.0026537012324456904,-0.07681543751432897,-0.05101973684165592,0.016466536576146176,0.003763028734811354,0.0020303497775491035,False
F1_rank_num45,-0.007276796517770775,-0.011489603979803904,-0.00938320024878734,-0.01331327343621663,-0.1456764471774704,-0.0656532289456197,0.010594265060047726,-0.004698687244780849,-0.007285741888835792,False
F1_rank_num46,0.020711107690341717,0.020638321463128852,0.020674714576735285,0.016999722271345042,0.09641096501949412,0.12066768646265943,0.008883757929805062,0.006005861648474584,0.005921389970193758,True
F1_rank_num52,-0.020287419190719688,-0.0073018991492441706,-0.013794659169981929,0.018339797593265088,-0.013229198294732186,0.05378713533184686,-0.018664508816866928,-0.013512273884433556,0.013401675580645023,True
F1_rank_num54,0.008422471069590565,0.009748927940423431,0.009085699505006997,0.02475179007860671,0.22288152216191623,0.13468739784718675,-0.018919830889909284,-0.009818151774455351,0.012386327593418215,False
F1_rank_num58,-0.034066360981000986,-0.010897892216202411,-0.022482126598601698,-0.013827577960614361,-0.3188751130562512,-0.2060228361543541,0.0050520887854168875,0.012211928563486409,0.005087091802693516,True
F1_rank_num59,0.011464287575072278,0.012745146240916005,0.012104716907994141,0.00024859150072471494,-0.00045740759479014135,0.027543473473215955,0.011520400690480001,0.012392724634196535,-0.002280136452957036,True
F1_rank_num62,0.0012953798946546144,0.0017497933645940517,0.001522586629624333,-0.018822181013879353,-0.031411231979677,-0.06600891847324943,0.005148796639916682,0.013296079904685785,-0.012761994106156117,False
F1_rank_num63,0.016969136873346353,0.012818870413357903,0.014894003643352128,-0.005751035560618904,0.11900384933541366,0.03769488557138292,0.0023701734810024303,0.014064059928162438,-0.009211750526285194,True
F1_rank_num65,0.0037558356563770776,-0.0008068040053107165,0.0014745158255331805,-0.0163467758000426,0.08189534940303854,-0.03853990496011693,-0.0062907906890312835,0.004940597605988923,-0.01280848078072866,False
F1_rank_num66,-0.03662296357297556,-0.019990830438710767,-0.028306897005843164,-0.06096661845425402,-0.36142653955311704,-0.24448776049419696,0.007715541857094672,0.02031574396602274,-0.038520537537991895,True
F1_rank_num69,-0.04456821450330592,-0.026958281356286865,-0.03576324792979639,-0.07053405050305797,-0.4235764244981238,-0.2845002324952626,0.007394614847524537,0.019869125401923603,-0.04441448023755332,True
F1_rank_num70,0.012985891743629132,-0.0064169369198325225,0.0032844774118983046,0.05241358239458072,0.3438670170860776,0.22606251931250962,-0.029198474747953305,-0.04176130799335481,0.03165909721967521,False
F1_rank_num77,-0.017864032871402213,-0.030867076589699435,-0.024365554730550826,-0.016561087792157425,-0.11331972441543983,-0.20247725877351475,-0.003962377440839604,-0.016745969989603496,0.002028067447951743,True
F1_rank_num78,0.020261008839830133,0.01750871845075164,0.018884863645290885,-0.005186812330785673,0.03757911939106058,0.06225758549485714,0.01565093789363465,0.01688389078669311,-0.010902594580350838,True
F1_rank_num80,0.0047363098862645125,0.00506515534455985,0.004900732615412181,-0.0012341511413752066,-0.061146590539827975,-0.03759574118350216,0.012237553264884748,0.007800482067257579,0.0022174615160681,False
F1_rank_num81,-0.0019729552696838857,0.00249060430196156,0.00025882451613883713,-0.006173148863586126,-0.1062511653799879,-0.08466141454737605,0.011061554810778893,0.009804397132934649,0.0015994977407853802,False
F1_rank_num82,-0.01719905588232074,-0.006186887276669968,-0.011692971579495353,-0.0070872544436874916,-0.08493092048275612,-0.027605719955203188,-0.006780036615883838,-0.0037157562642871063,-0.0045528117271537525,True
F1_rank_num83,-0.01835882457657319,-9.351078632393133e-05,-0.009226167681448561,-0.007598839007840535,-0.10896115821486213,-0.026749551450405574,-0.004991862340900422,0.002920818586710049,-0.0051429999297784995,False
F1_rank_num89,-0.00042289129350218745,-0.003892633075463285,-0.002157762184482736,-0.010288949355134951,-0.06069076822253878,-0.03687653077721424,0.007022433445841409,0.002444730927627243,-0.006903366403811595,False
F1_rank_num92,-0.016688299097919936,-0.01142208123151562,-0.014055190164717778,-0.009073415936493105,-0.2226323032014407,-0.09526204743068345,0.010623429577598098,-0.00025602437012731474,-0.00032753998525638164,True
F1_rank_num93,-0.013281656993313488,-0.010962902313003762,-0.012122279653158624,-0.009884716102966856,-0.18979997943155683,-0.08395622284513253,0.010002320517188404,-0.0018674013811803784,-0.0021768121670137563,True
F1_rank_num94,0.012374660803844128,-0.0030295916954133045,0.004672534554215411,0.005352189046526685,0.026251471489067434,0.039824551666199144,0.009154224881776788,-0.01328079940654974,0.001695952401606438,False
F1_rank_num95,0.01450964332410081,0.009677483506517162,0.012093563415308987,0.01751888258520763,0.16569255295728658,0.11323895397019268,-0.0058169219804350605,-0.006684830121271145,0.007122571871943284,True
F1_rank_num96,-0.01196148753144078,-0.012212854721459417,-0.012087171126450098,-0.014742380440290795,-0.17701609295115375,-0.09342422539070709,0.009754208853857659,-0.002737620505624056,-0.006165232371937102,True
F1_rank_num97,-0.020662468480893724,-0.022848755642912773,-0.021755612061903247,-0.025367852972200268,-0.24208111373514657,-0.16205252248241458,0.009035170184862846,-0.005247859506373118,-0.010490036491849297,True
F1_rank_num98,-0.0030963736262996696,-0.0015346114587208915,-0.0023154925425102803,-0.0033288639320844054,-0.0975745219506079,-0.01516543677838359,0.008873717105534147,-0.0012191882071796174,-0.0019365462947107533,False
F2_z20_num0,-0.007675719944956463,-0.0152854375057684,-0.011480578725362432,-0.011545450874851116,-0.10381693702559154,-0.02947882157136399,0.005060167773012176,-0.013037299760318255,-0.008839041306660913,True
F2_z20_num1,0.004585910808385804,-0.0016186884692448234,0.0014836111695704902,0.00010203250201666867,0.025999828798476343,6.0574753909165775e-05,0.0013963455047766608,-0.004752279781352213,9.647121819215562e-05,False
F2_z20_num2,-0.0039405919951850206,-0.02530546427768412,-0.01462302813643457,-0.012330049172482671,-0.07057182769379332,-0.08298694736944542,0.004716905512552302,-0.01684975949479081,-0.0047111330685316475,True
F2_z20_num3,0.014569315329164077,0.01537395322640734,0.014971634277785709,0.006064615020192163,0.026231399008395134,0.05734189848306552,0.011351341826692112,0.0070559009748215416,0.0008001351515832516,True
F2_z20_num4,0.00933186092333418,-0.006457947491454617,0.001436956715939782,-0.0016814599897873584,0.01172854017228414,-0.007659665081997029,0.007893045880148367,-0.008988949376461315,-0.0009782368023589076,False
F2_z20_num5,0.01618403270975097,-0.0007216294181661009,0.007731201645792435,0.0008618463840144659,0.027440995542279602,0.007428500474170309,0.012817670263422964,-0.0019693931787224967,0.00017984609740430662,False
F2_z20_num6,-0.00665726232472278,-0.044444899079886135,-0.025551080702304458,-0.02080347328139854,-0.15227202098775988,-0.23455104351211123,0.012022920480229547,-0.01846312370179672,0.0007303314825889314,True
F2_z20_num7,-0.027293321840225617,-0.045141578185263945,-0.03621745001274478,-0.01371484793031293,-0.13511566137168457,-0.14975836601000875,-0.010717819408048734,-0.025406095053539274,3.4259160173270506e-05,True
F2_z20_num8,-0.028739709541475464,-0.04814030916721536,-0.03844000935434541,-0.016836209672216582,-0.14541218780363063,-0.1720139490697781,-0.010901066351350425,-0.026366100930538882,-0.0010438484851310048,True
F2_z20_num9,-0.009583358089033175,-0.04551342708326213,-0.027548392586147653,-0.02200276705159297,-0.1663725117734937,-0.23818318988752346,0.010826622112764804,-0.01873561835059316,-0.0001354999855359973,True
F2_z20_num10,-0.009254845501312583,-0.040397571139501445,-0.024826208320407016,-0.019698527843988855,-0.15270492649599154,-0.21743316855854414,0.009478444591364574,-0.016021251072902615,0.00026370865193661025,True
F2_z20_num11,-0.019474253841891317,-0.02457686704044421,-0.02202556044116776,-0.004961382375867462,-0.07537646253526725,-0.11055406162333539,-0.010227341045858906,-0.010773400324319626,0.00518843210892641,True
F2_z20_num12,-0.01030955337251997,-0.00892517642305616,-0.009617364897788066,-0.009490294785984338,-0.10753037304483089,-0.05429691240290832,0.002881885294493085,-0.004577658897200569,-0.0045053708501793625,False
F2_z20_num13,-0.0014805176732741417,-0.008938664053122464,-0.005209590863198303,-0.0023026605949354904,-0.009210686136115608,-0.008953819040815922,-0.0003505838898674705,-0.006588947906781937,-0.001480622934262931,False
F2_z20_num14,0.008435386524550224,0.002113498205253068,0.005274442364901646,-0.005471874835521282,-0.03110876586457479,-0.03638039337021692,0.012251697816783156,0.004666680802480411,-0.002131841568814185,False
F2_z20_num15,0.002920518829969986,0.008626862583362782,0.005773690706666384,0.0009051615687834071,0.018362578777852488,0.055592089680379424,0.0006678638371778738,0.004998088339463323,-0.004198670789726478,False
F2_z20_num16,-0.006867060877516885,0.0011720010313555614,-0.002847529923080662,0.006961357254199378,0.06559343456250073,0.009183855751859326,-0.014913827056122247,0.0005418700090690005,0.006118200243341951,False
F2_z20_num17,0.0,0.0,0.0,0.0,0.0,0.0,0.0,0.0,0.0,False
F2_z20_num18,0.0,0.0,0.0,0.0,0.0,0.0,0.0,0.0,0.0,False
F2_z20_num19,0.0,0.0,0.0,0.0,0.0,0.0,0.0,0.0,0.0,False
F2_z20_num20,0.0,0.0,0.0,0.0,0.0,0.0,0.0,0.0,0.0,False
F2_z20_num21,0.0,0.0,0.0,0.0,0.0,0.0,0.0,0.0,0.0,False
F2_z20_num22,0.0,0.0,0.0,0.0,0.0,0.0,0.0,0.0,0.0,False
F2_z20_num23,0.0,0.0,0.0,0.0,0.0,0.0,0.0,0.0,0.0,False
F2_z20_num24,0.0,0.0,0.0,0.0,0.0,0.0,0.0,0.0,0.0,False
F2_z20_num25,0.0,0.0,0.0,0.0,0.0,0.0,0.0,0.0,0.0,False
F2_z20_num26,0.011355896957034307,0.0050611421476595775,0.008208519552346942,0.0035361968590167077,-0.01803990627597666,0.006605961440821838,0.013568967650083944,0.004889345776021065,0.0029297127359232985,False
F2_z20_num27,0.00869792147281896,0.003954074862898655,0.006325998167858808,0.0013071577205294041,-0.014250888604962006,0.005734150523251647,0.010446169132151604,0.0036013560916371428,0.0007807133440470556,False
F2_z20_num28,0.00035688696058302913,-0.0029315254259840934,-0.0012873192327005321,-0.0012553035343619374,-0.009078568833934647,0.0031621735886387947,0.0014706130694581078,-0.0024216128843940424,-0.0015456182891716698,False
F2_z20_num29,0.005392123202214155,0.00580249486648854,0.005597309034351347,0.008525918749380657,0.002059404995232803,0.015613943526436752,0.005139482818702905,0.0045300612926508855,0.007092424331877229,False
F2_z20_num30,-0.005986955806963065,-0.007191395090606441,-0.006589175448784753,-0.00915297322453245,-0.10178735304942958,-0.011027887360284124,0.006499949862650446,-0.006755395991607921,-0.008140518238957672,False
F2_z20_num31,-0.023711416441376466,-0.01301839710978955,-0.018364906775583008,-0.00977768595848351,-0.10936391705536692,-0.04522285712324458,-0.010295045202538598,-0.006866922453360531,-0.0056258384050473864,True
F2_z20_num32,-0.010877459608469923,-0.009820531545308183,-0.010348995576889054,-0.003287472450689885,-0.03504955189174727,-0.0185040098600282,-0.006577706887501366,-0.005808263595864883,-0.0015886450666361812,True
F2_z20_num33,-0.011220176289338536,-0.011714144638935827,-0.01146716046413718,-0.003613840766650062,-0.029790477417763663,-0.01614644314060856,-0.007565587873155618,-0.008119806733552537,-0.0021314583009129787,True
F2_z20_num34,0.0007649730342240821,0.014602446535863834,0.007683709785043958,0.005989496123033198,0.04919690506732318,0.0719074492797147,-0.0052703259927019165,0.006862562004837365,-0.0006122266861247703,False
F2_z20_num35,0.007310276667555241,0.010881323269959687,0.009095799968757465,0.004188947708669281,0.04853482638390508,0.05408090585816843,0.0013561990676339217,0.004179873404208885,-0.0007761449669864209,False
F2_z20_num36,0.006757072384650057,0.007559007448927131,0.007158039916788594,0.003107157156827079,0.04268901123575701,0.04483832253823456,0.0015201383210330412,0.002222919697545328,-0.001009386811706516,False
F2_z20_num37,-3.8533765625503236e-07,0.003908065777326631,0.001953840219835188,-0.0036109091140987784,0.0009903420561372025,0.0231386969731249,-0.00012187693229111166,0.0005561974482792076,-0.005735240669616293,False
F2_z20_num38,-0.015233687577338366,-0.03752172614973306,-0.026377706863535712,-0.009670571731601631,-0.07839373097162637,-0.09364231854647234,-0.005616627162608941,-0.024673525144437297,-0.0010734008342453971,True
F2_z20_num39,-0.014870233781762934,-0.02598177678889237,-0.02042600528532765,-0.006496864101933615,-0.09790841589147421,-0.09334831088448493,-0.0028591821444890423,-0.012088782931979495,0.0020733143612916395,True
F2_z20_num40,-0.01405003743703486,-0.01271132736411598,-0.01338068240057542,-0.0028620369342445147,-0.1352130101520425,-0.09892297735295906,0.002537407392708758,0.004170098556403755,0.006219943896426914,True
F2_z20_num41,-0.027398466603149065,-0.04396765490271765,-0.03568306075293336,-0.011063573877654352,-0.09617206868907287,-0.09835316068982454,-0.015600423783537952,-0.028841454086319523,-0.002033907121529224,True
F2_z20_num42,-0.02125547695926328,-0.0075420653966116755,-0.014398771177937477,-0.005204775794781733,-0.24058626095248078,-0.1264715820376224,0.008258778553990619,0.008377826284377207,0.0064064040789507835,True
F2_z20_num43,-0.027477241631652168,-0.025440552339304194,-0.02645889698547818,-0.014803314984354282,-0.1635040505063791,-0.07314621789463618,-0.007419153921272115,-0.017191553962850693,-0.00808786255326821,True
F2_z20_num44,-0.0005246291005878304,-0.009345198597200774,-0.004934913848894302,0.0008857767015822534,-0.024611521244016506,-0.016972532442459397,0.002494623635166902,-0.008000766729298354,0.0024440012760446224,False
F2_z20_num45,-0.002947711193332601,-0.013243987248703452,-0.008095849221018027,-0.0112443555570271,-0.08205790516160055,-0.025036966158469353,0.007118856906747687,-0.010887629312966832,-0.008945746550364543,False
F2_z20_num46,-0.012745608338921507,-0.0011803430206058921,-0.0069629756797637,0.0015280942893865905,-0.016806107350493,0.006866161210099606,-0.010683895651913184,-0.003028778110075834,0.0008977215877246842,False
F2_z20_num47,-0.018067092587683003,-0.01935451495077375,-0.018710803769228377,-0.004467640141696346,-0.04136557815895692,-0.044352146838850214,-0.012992512524783778,-0.013315752787451944,-0.0003957312872717063,True
F2_z20_num48,-0.019365985977586507,-0.022068080410352988,-0.020717033193969746,-0.003014271172280396,-0.04971399809901769,-0.06486590029507296,-0.013267251840936727,-0.013391762221321017,0.002940976827808988,True
F2_z20_num49,-0.02286000822443029,-0.012474999835707124,-0.01766750403006871,-0.0037392225085648746,-0.06973987016892985,-0.058679196777046486,-0.014304572267788127,-0.006705445267781803,0.0016480328546340343,True
F2_z20_num50,-0.02338365056811052,-0.013709168549773349,-0.018546409558941934,-0.005978386910703185,-0.07664423975703634,-0.0710654852189059,-0.013981211431093215,-0.006543082834655479,0.0005460363502103336,True
F2_z20_num51,-0.022942158518953253,-0.010096326143007659,-0.016519242330980455,-0.004736978173235909,-0.07453307422921304,-0.06567075257417249,-0.013798709561060338,-0.003472589062686564,0.0012921621940860453,True
F2_z20_num52,-0.02154023083237494,-0.005821883719249858,-0.013681057275812399,-0.0017506502058814613,-0.06427641858830012,-0.04096145621310062,-0.013655031427465237,-0.0012630408798213364,0.0020099640626966477,True
F2_z20_num53,-0.004701448903378764,0.013449556498476394,0.0043740537975488145,0.0018387376799761772,-0.011503295385684467,0.0379932489223994,-0.003290266078917378,0.00688784685215532,-0.0016493696095668806,False
F2_z20_num54,-0.00503930378729619,0.0070736421977248285,0.0010171692052143191,0.0018904402790804518,0.002866590944873941,0.01973339374764862,-0.005390966834321557,0.00272595464558467,7.874487184678265e-05,False
F2_z20_num55,-0.005867128747509268,0.008122240176832928,0.0011275557146618299,0.006461546607145101,-0.10332500336968614,-0.015288960970831694,0.006808410322292679,0.01257516371091891,0.007865204828657614,False
F2_z20_num56,0.011225989082388066,0.01948239161304983,0.015354190347718948,0.01226567575012714,-0.019710232895828635,0.025008002705270194,0.013643969425946126,0.018418189231902145,0.009969725837780012,True
F2_z20_num57,-0.003996408430861002,0.02552162915363058,0.010762610361384789,0.009807614122559658,0.03898553771088557,0.08473070059999985,-0.008779013708341655,0.011834179728633746,0.0020286064621564777,False
F2_z20_num58,-0.007854415307418268,-0.0028462649444360878,-0.005350340125927178,-0.0016930091110211323,-0.10468217304177078,-0.08038785557490903,0.004987616447037258,0.010846580776710973,0.005687287993716875,False
F2_z20_num59,-0.007582323044023459,0.004917903083379281,-0.0013322099803220887,0.00019182183395247498,-0.03774320934931821,-0.0039728815583843545,-0.0029521221330660596,0.0048906853006697145,0.0005565665588007253,False
F2_z20_num60,-0.004221804273510964,0.010206209307816764,0.0029922025171529,0.00789347421285633,-0.013821028842941518,0.03332417189509376,-0.0025262902607336617,0.004827725230316624,0.004834028384923129,False
F2_z20_num61,-0.005462449184492398,0.012695931706567376,0.003616741261037489,0.007020888264976646,-0.014389439559227911,0.03110157289911811,-0.0036972045933747902,0.007669353693059201,0.004165496156572102,False
F2_z20_num62,-0.002744387763242045,-0.002555860938612385,-0.002650124350927215,-0.0004948089701020094,-0.017150730034503205,-0.0031626847652755446,-0.0006403980072470202,-0.0021144347643096972,-0.00020444728487691472,False
F2_z20_num63,-0.006827355630290117,0.0002648483670785769,-0.0032812536316057703,0.0007406572644033214,-0.004895333313423784,0.000561264815152635,-0.006226813780298647,-0.00011382198029951236,0.0006891283231143935,False
F2_z20_num64,-0.013490858948716036,-0.01054095393122236,-0.012015906439969198,-0.003615237608100877,-0.062455699417348194,-0.029672111470330102,-0.005829018810526758,-0.005726299696461622,-0.000891082363383883,True
F2_z20_num65,-0.010156688363444358,-0.003454716792574268,-0.0068057025780093134,-0.0022129657018333604,-0.011459977233643769,-0.01161545388351444,-0.008750819653773358,-0.0016408889840493154,-0.0011465670517681577,False
F2_z20_num66,-0.016001944521936207,-0.019314502084654947,-0.017658223303295577,-0.007133323609281113,-0.09152062910031047,-0.06037811081498152,-0.004774523549074329,-0.00882238814227213,-0.00159009331347952,True
F2_z20_num67,-3.669502045751086e-05,-0.02384730447841124,-0.011941999749434376,-0.011531914773817212,0.016089320073619018,-0.05256191117994385,-0.0020104748273647275,-0.018654030926654495,-0.006706278884832064,True
F2_z20_num68,-0.024805567540688182,-0.030603759345365758,-0.02770466344302697,-0.016232135489898922,-0.17732902429072964,-0.12019106107379199,-0.0030514818663348216,-0.015815050708681395,-0.005197561502143932,True
F2_z20_num69,-0.023599177888243117,-0.028840139098678486,-0.0262196584934608,-0.016328770626968418,-0.1745502134557309,-0.11817405389236794,-0.002185986713361402,-0.013965910545779515,-0.0054793752604720605,True
F2_z20_num70,-0.0013380967916414748,-0.023997371735335945,-0.01266773426348871,-0.008858736097745722,0.02175431242939586,-0.03842157325557119,-0.004006837446300724,-0.020406407057496516,-0.005331304947485284,True
F2_z20_num71,-0.023529194185731038,-0.022441956379955504,-0.02298557528284327,-0.015477985784232078,-0.034860686774108376,-0.07336984686138023,-0.019252610756797142,-0.016549015441952586,-0.008742002289044431,True
F2_z20_num72,-0.016050573585543897,-0.030930398148392383,-0.02349048586696814,-0.008248301746002678,-0.07482155162286694,-0.07765106641351323,-0.006871735260559151,-0.02013833663879809,-0.001119265444027422,True
F2_z20_num73,-0.010563147206231954,-0.024368120634549812,-0.017465633920390883,-0.0017403011903373506,-0.07909493350889236,-0.07495838215038736,-0.0008600657910951201,-0.013675220439342035,0.005141523518182684,True
F2_z20_num74,-0.011770431761504585,-0.027043953922559462,-0.019407192842032024,-0.0014623196785382507,-0.07310120249430911,-0.08715220963768629,-0.0028026396681344046,-0.015010416724960349,0.0065390033554014295,True
F2_z20_num75,-0.010340773131819924,-0.015253400958891961,-0.012797087045355943,0.0029260952806731497,-0.0712783589842638,-0.0491442597753928,-0.0015966009114348444,-0.00830380275826396,0.007437961352244676,True
F2_z20_num76,-0.012040383850860042,-0.025110704448991095,-0.018575544149925568,-0.005893461653161929,-0.054386866718610025,-0.06968869832030804,-0.005368399031180799,-0.016221204815736235,0.0005045607193475627,True
F2_z20_num77,-0.014730490210372465,-0.018121563100924352,-0.016426026655648407,-0.004604495388989903,-0.08024862964141286,-0.06880969287430051,-0.004885877511175366,-0.010828546044023772,0.0017128267172688855,True
F2_z20_num78,0.007311298273996998,0.005348577983850906,0.006329938128923952,0.0034087091848941002,0.01383006095415395,0.02574363693280421,0.005614676234364411,0.0028636776872528876,0.0010452217182635869,False
F2_z20_num79,-0.005399077631915771,-0.0037942402245804796,-0.004596658928248125,0.0032263748025613335,-0.0022573769500249664,0.01470504426482901,-0.005122150762405438,-0.005683434112502789,0.0018763251609008357,False
F2_z20_num80,-0.005154442944178226,-0.007513291671643757,-0.006333867307910992,-0.00534164267098578,-0.05662440638900589,-0.05074732143762142,0.0017920351790323827,-0.002931458661041824,-0.0006826017399799494,False
F2_z20_num81,-0.007857013278431638,-0.00509241239342564,-0.006474712835928639,-0.0054492939131908025,-0.03319970472177217,-0.03767372283606059,-0.0037841931421375586,-0.00010377916850683178,-0.0019905218687917966,False
F2_z20_num82,-0.023372878715825655,-0.012364307131457286,-0.01786859292364147,-0.007741825797166913,-0.0848430104030479,-0.03763266343262094,-0.012964643941173228,-0.007220178764871279,-0.0042868233594349926,True
F2_z20_num83,-0.011748804107908696,-0.010154168508182855,-0.010951486308045776,-0.005507769795553704,-0.04722460421593803,-0.036616533971993624,-0.005955459842016566,-0.003492237282754106,-0.002146056788951322,True
F2_z20_num84,-0.018152847732652102,-0.02170835095942644,-0.01993059934603927,-0.009028688680710219,-0.06573806846158244,-0.05575972001900977,-0.010088338388512369,-0.014078512578538618,-0.003909466414184851,True
F2_z20_num85,-0.01961201931342187,-0.01892416383583246,-0.019268091574627166,-0.0092031512242993,-0.11285022518625239,-0.05640966201392407,-0.005767960356401243,-0.012206107500743652,-0.0040242586880670375,True
F2_z20_num86,-0.01888706167633053,-0.025255756628785975,-0.02207140915255825,-0.00826791831646564,-0.07817160749333563,-0.05938500864928429,-0.009297250569470188,-0.016517213825995303,-0.0028158633479045455,True
F2_z20_num87,-0.010897842106753639,-0.020226220448233297,-0.015562031277493468,-0.00443990939913551,-0.07703974329822129,-0.03677872359272153,-0.0014468840205464854,-0.013624100195303333,-0.0010633059892537263,True
F2_z20_num88,0.0004168264482394429,-0.012059290145142612,-0.005821231848451585,-0.000780940057062834,-0.015413674522435682,-0.017049790257820573,0.0023077204936943173,-0.007653045140355574,0.0007843774498698774,False
F2_z20_num89,0.0032564991440452336,-0.0019948567661617405,0.0006308211889417465,-0.000175087329374289,0.00297861358843429,-0.0034849020115688386,0.002891093562794426,-0.0013897553646750845,0.0001448566726436584,False
F2_z20_num90,-0.021222170258752282,-0.02027727647521195,-0.020749723366982116,-0.0002536387762446345,-0.0959973856322979,-0.0888081552658721,-0.009445556927055739,-0.005758833104688084,0.007899714320419072,True
F2_z20_num91,-0.013965207901704146,-0.008143250244132908,-0.011054229072918528,0.006088249555578864,-0.045908196417410195,-0.030482861509183078,-0.008333355800707768,-0.0014953950906004447,0.008886838632640559,True
F2_z20_num92,-0.010694812102837455,-0.006864615036690339,-0.008779713569763897,-0.005826062290362704,-0.13144357151735075,-0.02483654335538206,0.005430211578809938,-0.003609073763949645,-0.003545853822223907,False
F2_z20_num93,-0.00407428071984794,-0.0069554102255864475,-0.005514845472717194,-0.0019458022358271913,-0.060766405125497636,-0.009192832281576262,0.003380322882184328,-0.004998692560806405,-0.0011018211022735345,False
F2_z20_num94,0.0023282432882917718,-0.019924775702973734,-0.00879826620734098,-0.00844124149366344,0.0027259479567611797,-0.039947495524516465,0.0019938338162248164,-0.01641650476443408,-0.004773717544272941,False
F2_z20_num95,0.00011643328369126854,-0.004573734429770166,-0.0022286505730394488,-0.0005547830960069259,0.05201176217337188,-0.00919450983449136,-0.006264182269341885,-0.004409302620834797,0.0002893520513443848,False
F2_z20_num96,-0.005758417829033692,-0.01771481204740452,-0.011736614938219106,-0.0061620489339141325,-0.05878027438678402,-0.03394472550529032,0.0014525344112248494,-0.01247364749608464,-0.003045630942960602,True
F2_z20_num97,-0.011223237389919366,-0.023115362682411815,-0.01716930003616559,-0.00919087866081748,-0.0823293088280909,-0.050461115594151,-0.0011233744660685222,-0.015304959518833691,-0.00455811388984624,True
F2_z20_num98,0.0011174551910886697,-0.008116035082861782,-0.003499289945886556,-0.007774756355246121,-0.024201228859248167,-0.017653810931677658,0.004086374735616049,-0.006341243980482444,-0.006153984551161331,False
F3_z60_num0,-0.010416647816953777,-0.01926813628352659,-0.014842392050240183,-0.008643010416464496,-0.10742563733376904,-0.04450636407780065,0.0027619422504534513,-0.015445296586168063,-0.004556943092032332,True
F3_z60_num1,0.008479095273893775,-0.0018229133857884181,0.003328090944052678,0.0034396657601863693,0.04715856209406123,0.013847553133859453,0.002693852817523071,-0.00669548286633432,0.0021683411854650676,False
F3_z60_num2,-0.009919991184722384,-0.03436702150065301,-0.022143506342687698,-0.01778291577186222,-0.10733092959486197,-0.14176718906373073,0.0032469804785660063,-0.020113536703011282,-0.004767467511534848,True
F3_z60_num3,0.0198985661650467,0.020148729005482,0.02002364758526435,0.020586346235172078,0.04584024989567208,0.10508103743830971,0.014275049498484012,0.007539307630753587,0.010939002481286889,True
F3_z60_num4,0.011724472203841967,-0.007117111651458808,0.00230368027619158,0.0038500347430120807,0.016368381462520617,-0.008692604226171803,0.00971645815137427,-0.009791876008464697,0.0046480906352141995,False
F3_z60_num5,0.017924436217765162,-0.00035090346307752144,0.00878676637734382,0.0023661124217759476,0.033953889127005824,0.012504539446805059,0.013759095456427686,-0.0032899585160294847,0.0012180880639257722,False
F3_z60_num6,-0.01265181658953151,-0.045396178262979994,-0.029023997426255752,-0.04932554028571218,-0.19023041151717135,-0.3509647749520499,0.010684964778121805,-0.009308510165434838,-0.01710395290887324,True
F3_z60_num7,-0.04181339242086378,-0.05890058775655509,-0.05035699008870943,-0.0333007951150901,-0.22162348553504632,-0.2915194881118021,-0.014625421861267952,-0.026087737926493063,-0.0065367967636056,True
F3_z60_num8,-0.04358707241158532,-0.062222315016407424,-0.05290469371399637,-0.039822640494238795,-0.23679521608542534,-0.32422689037472335,-0.014537888621153464,-0.0265641338077134,-0.010055821076087074,True
F3_z60_num9,-0.016405172029848238,-0.04717112833517757,-0.03178815018251291,-0.05056544453659725,-0.2078685690804762,-0.3551706369786441,0.009095394946532057,-0.009741829841070831,-0.017957722822478026,True
F3_z60_num10,-0.016579903185722326,-0.04135150997571307,-0.028965706580717697,-0.04648253688647419,-0.20445330062577008,-0.3287710620650386,0.008501690963949208,-0.007150364885832615,-0.01629852339180908,True
F3_z60_num11,-0.02990805461648381,-0.035536773753405505,-0.032722414184944655,-0.02282976287945708,-0.1362225701201315,-0.21815485726935427,-0.013196760607921056,-0.012868570390108466,-0.0028012691477237624,True
F3_z60_num12,0.0026403074580441757,-0.009838966649038028,-0.003599329595496926,-0.007643708432552601,-0.05573632613624799,-0.07269051325314142,0.009477839096146273,-0.00384926161156167,-0.000970093610172305,False
F3_z60_num13,-0.005782467152001455,-0.016928616510150537,-0.011355541831075996,-0.00779267049719785,-0.03167749678316328,-0.0488787276727946,-0.0018963860001636832,-0.011960536944515657,-0.0033051825582933207,True
F3_z60_num14,0.007756109183818314,0.0007306475964817258,0.00424337839015002,-0.0045640616517503,-0.04464128301064204,-0.05570628201712159,0.013232540913541254,0.0050103527136610565,0.0005502545462178488,False
F3_z60_num15,0.006719684133567986,0.008946727655676358,0.007833205894622173,-0.00010040342414217634,0.02582776539299047,0.0575858377681577,0.0035512269484934823,0.005688370290045267,-0.005387279018904275,False
F3_z60_num16,-0.013384473939777144,0.0023398659287955995,-0.005522304005490772,0.006319894627502255,0.03344183239786277,0.03278640398703546,-0.017486997426838954,-0.0008908767072814852,0.003309820522529935,False
F3_z60_num17,-0.0016883100446963449,-3.86242603235016e-05,-0.0008634671525099232,0.0007125179518230925,9.462605577368767e-05,-0.0005431738005374644,-0.0016999184282227328,-5.375315531825048e-05,0.0007623859822464271,False
F3_z60_num18,-0.0014059864945922943,-0.0007338103296496507,-0.0010698984121209724,-0.001209709355526187,0.0020187530141743382,-0.003591981631704518,-0.0016536398395614036,-0.0005790061930672868,-0.0008799345226593264,False
F3_z60_num19,0.0006132148441230015,0.0005014517205784352,0.0005573332823507184,-0.0004202701376864975,-0.000803430233679069,-0.005408312817140135,0.0007117767699370484,0.0005168071208002916,7.62595326274748e-05,False
F3_z60_num20,-0.0016890071566277335,-0.0003933137036992012,-0.0010411604301634673,0.00046986521217118874,-0.0003175418705443913,0.0001597464246404572,-0.001650052264248177,-0.00037884945990858344,0.0004551991153231693,False
F3_z60_num21,0.0010299701789551281,0.0009620417278580506,0.0009960059534065892,-0.0006706569888741803,0.00021068480051784268,-0.0027195548740047795,0.0010041241268546272,0.000899648534864806,-0.00042097844204330443,False
F3_z60_num22,0.0010724678158674785,0.0011293724992265948,0.0011009201575470366,-0.00025051603342750095,0.001635911943519584,-0.0026515888911364353,0.0008717800338342505,0.00105461649891268,-7.077348861846095e-06,False
F3_z60_num23,-0.0010712528253362691,0.0002313531143542199,-0.0004199498554910246,-0.0008729377904530284,-0.0011757125709593408,-0.00081689618793127,-0.0009270206439471064,0.00017649619821025338,-0.0007979396887180886,False
F3_z60_num24,0.00021745438163728268,0.00013370160617796127,0.00017557799390762198,-5.775328131612187e-05,0.00021123644059810927,-0.00736734508898228,0.0001915406563196334,0.00011356243341952505,0.000618632414520164,False
F3_z60_num25,0.0006599294833911491,0.0006668169014262785,0.0006633731924087138,-0.0006298523715973916,-0.0010578043605635181,-0.0066841741709010765,0.0007896971104248154,0.000679382624058269,-1.6187646642802428e-05,False
F3_z60_num26,0.008969625932207903,0.0018881994429305567,0.00542891268756923,0.01048870319033641,-0.020346805912374224,0.0003641499644445738,0.01146569875947134,0.002385545404051234,0.010455271089068621,False
F3_z60_num27,0.007822438087981508,0.0040553641543935775,0.0059389011211875425,0.008100452013854693,-0.016110367382442807,0.004813320186031933,0.009798799902888818,0.0040098227196921545,0.007658547788656822,False
F3_z60_num28,-0.0017676006033628263,-0.002019354665595718,-0.0018934776344792723,0.00420853479205566,-0.011730102025554958,-0.008213815295058293,-0.00032859395764606777,0.0003742332624297323,0.004962633739059945,False
F3_z60_num29,0.007597560282932345,0.007560029679348826,0.007578794981140585,0.01570606638535236,-0.001019542489636339,0.017980332197067028,0.007722634081521739,0.005385621515277083,0.014055317118473541,False
F3_z60_num30,-0.008410980398528148,-0.00950594072289227,-0.008958460560710209,-0.008831562329468353,-0.11535200430158958,-0.022969890850076963,0.0057399878049118665,-0.0078106131921997024,-0.006722728629096779,False
F3_z60_num31,-0.016872200889755884,-0.012376168601008474,-0.014624184745382178,-0.005681779144991933,-0.0617703241700305,-0.030456382931070017,-0.009294440117078626,-0.006252364318864647,-0.002885621029323446,True
F3_z60_num32,-0.014758023682026335,-0.010970654835391992,-0.012864339258709164,-0.003923955530248107,-0.045968528594396645,-0.018579917605322526,-0.009118770246971233,-0.006776194910668334,-0.002218159161777337,True
F3_z60_num33,-0.013973855705584924,-0.013565044720741371,-0.013769450213163148,-0.004541134800459085,-0.03905135291000049,-0.019645672237490457,-0.009183176456649528,-0.0092361995349215,-0.002737492982947563,True
F3_z60_num34,0.005347791276813704,0.02129989259725537,0.013323841937034538,0.014324629660960365,0.07675844865705041,0.11063240217962413,-0.004068658596492356,0.009668620171700509,0.004167622838758978,True
F3_z60_num35,0.007372026857106378,0.016167434994008238,0.011769730925557309,0.009008285869824564,0.06235431176906328,0.07557122977953201,-0.00027737540975341507,0.006446282669940864,0.0020701964736763454,True
F3_z60_num36,0.0073432556426554175,0.012167750591481386,0.009755503117068402,0.006446547103212584,0.05175998573047523,0.060104760120296634,0.0009935271163313154,0.004922412767464741,0.0009284127541324596,False
F3_z60_num37,-0.005198086419046018,0.004178064645826319,-0.0005100108866098493,-0.0032954634000703638,-0.02188136284187446,0.02588713529777341,-0.0025137596776247384,-0.0008555447776012982,-0.005672125251810951,False
F3_z60_num38,-0.02344530412473747,-0.05218983995015503,-0.03781757203744625,-0.021807374331314796,-0.11702007780611888,-0.1588805941994994,-0.009089702674857458,-0.030989250650962034,-0.007220768170674633,True
F3_z60_num39,-0.02392955134337261,-0.03765242330631427,-0.03079098732484344,-0.017259362378797122,-0.14341869170923058,-0.15414689440257923,-0.006335463070315,-0.015993252379457486,-0.0031073506062776115,True
F3_z60_num40,-0.0251582616266306,-0.016802064787179372,-0.020980163206904986,-0.006146339659796469,-0.19285124866707015,-0.14385664242610877,-0.0014999654019172623,0.006481311247554931,0.007060938404803687,True
F3_z60_num41,-0.034091575609611055,-0.05603075099738672,-0.04506116330349889,-0.020950650114646786,-0.1382174337834407,-0.15525044133539667,-0.017135558915555293,-0.03426707567965,-0.006697323234578154,True
F3_z60_num42,-0.017331453310386175,-0.009587913717129646,-0.013459683513757911,-0.0029902792543039444,-0.15881202926258897,-0.10606235255501266,0.0021510341420465234,0.008599022582009048,0.006747157674263454,True
F3_z60_num43,-0.01924477738901392,-0.025458902761541134,-0.022351840075277525,-0.00819556919283386,-0.10891470181320842,-0.06422037786850411,-0.005883514257285016,-0.01586392782623701,-0.0022995857080344764,True
F3_z60_num44,0.00016613428816268977,-0.010691169322862248,-0.005262517517349779,0.0021453103603198682,-0.03038473417868207,-0.02682070260557325,0.0038936239823021603,-0.008001121638272024,0.004607681726881544,False
F3_z60_num45,-0.00455955938585056,-0.016408185837939075,-0.010483872611894818,-0.00678312198040134,-0.05733631780646575,-0.03355793073866812,0.002474253464598954,-0.011916203351449852,-0.0037022150784775387,True
F3_z60_num46,-0.013475021236189814,0.00033408592298984755,-0.0065704676565999836,0.0023701525245678934,-0.013864640333842862,0.016641869739548353,-0.011774157122867782,-0.0032196692033784986,0.0008422856325127279,False
F3_z60_num47,-0.021098094504937027,-0.024443000485182168,-0.0227705474950596,-0.008755871807005761,-0.0641264471734447,-0.07341978726318178,-0.013231293052762461,-0.015298864966351754,-0.0020153033530555062,True
F3_z60_num48,-0.024162495706258585,-0.029070492811005325,-0.026616494258631954,-0.009327098880285966,-0.07608876409554197,-0.09939109166549484,-0.014828200321672667,-0.01605477647658991,-0.00020214112628717112,True
F3_z60_num49,-0.028460887700867063,-0.016416159868579257,-0.02243852378472316,-0.0033274534803519676,-0.09087921437318515,-0.06826355462411653,-0.01731215317531682,-0.009595930754366603,0.0029397284334885315,True
F3_z60_num50,-0.02954914552566512,-0.018070649472622127,-0.023809897499143626,-0.00472916332368635,-0.0985255282580154,-0.07759480600508023,-0.01746238876709969,-0.010100039278749784,0.0023947077885161485,True
F3_z60_num51,-0.028556169962433715,-0.012698523098667,-0.02062734653055036,-0.002740080968101627,-0.09400215399700668,-0.06495336497110957,-0.017024324457706907,-0.006117325259469424,0.0032231970421267675,True
F3_z60_num52,-0.025249488783252887,-0.006541941368183008,-0.015895715075717947,0.0009417702407707529,-0.0775329908836316,-0.028660683467783887,-0.015738020860742274,-0.0033639937383358846,0.0035730676886792864,True
F3_z60_num53,-0.00010735245603418052,0.016780327657166482,0.00833648760056615,0.012624226070654838,0.018610806419237694,0.09007178849584775,-0.0023904591213544358,0.004181064762673662,0.004354860566371306,False
F3_z60_num54,-0.003798880424555462,0.008480106776602213,0.002340613176023375,0.006209119317220265,0.018414288756650576,0.04068295637030848,-0.006057879011203639,0.0002607061879748348,0.0024740737314827314,False
F3_z60_num55,-0.0070898435669066034,0.006717485852219161,-0.00018617885734372114,0.006012019143505808,-0.10853053215989879,-0.020190769743299686,0.006224291016154021,0.012073063771779063,0.007865705604143493,False
F3_z60_num56,-0.010144143888191083,0.01790640409721508,0.003881130104511999,-0.0004995106727794332,-0.05627896472746091,-0.016913035169964438,-0.003240043303179862,0.02143068643175218,0.0010532515399269964,False
F3_z60_num57,0.0033456167860892298,0.03704483579974675,0.020195226292917992,0.017561465950763553,0.07834222999929147,0.15040127988463015,-0.006265125674943856,0.014903067058274537,0.003753333832510034,True
F3_z60_num58,-0.015224916655872481,-0.006219959255415556,-0.010722437955644018,-0.0031262300518551237,-0.14536033599589918,-0.10052105512437019,0.002607365541334042,0.010975889612945012,0.006102468074173207,True
F3_z60_num59,-0.006206144236318317,0.007103152412122932,0.00044850408790230757,-0.00029216321377989,-0.03697267480977809,0.005046856008542638,-0.0016704697259614341,0.006210886254153265,-0.0007555080377149948,False
F3_z60_num60,-0.002319235617664363,0.015068176405866903,0.00637447039410127,0.011160478928360132,-0.006775362957791436,0.06586769552864087,-0.0014880585058059722,0.005246783656426958,0.005113257502571489,False
F3_z60_num61,-0.0031872173758680307,0.01802094817504307,0.007416865399587519,0.011394856304434651,-0.005412938109581031,0.06667934677389328,-0.002523177634732693,0.008366445187279485,0.005273118307796431,False
F3_z60_num62,-0.007140071983776413,-0.0018838914862850898,-0.0045119817350307515,-0.0022893416525995463,-0.035042236720877626,-0.027427551356836125,-0.0028412166616090806,0.001056297164021041,0.00022874365296359726,False
F3_z60_num63,0.001246295734517711,0.0030922508680558316,0.0021692733012867713,0.0009026181376509033,0.04071469870984289,-0.0020554304850492785,-0.0037484367830835233,0.0030413711903971665,0.0010913243489226248,False
F3_z60_num64,-0.016922444388128736,-0.01459480402514552,-0.01575862420663713,-0.0059564479385137625,-0.08007986070331316,-0.05915547599815434,-0.007098535654079334,-0.005491682677660271,-0.0005254660430986319,True
F3_z60_num65,-0.009272683025606894,-0.005099921396468767,-0.00718630221103783,-0.0068823806139903495,-0.005537176747343628,-0.03248333247932145,-0.00859340213609913,-0.0014092275431176501,-0.003900131082206525,False
F3_z60_num66,-0.021798712622130963,-0.02700615754730283,-0.024402435084716897,-0.016796710533910453,-0.13779112763364232,-0.11242415735121353,-0.0048949936302889845,-0.008470236170678467,-0.006475205163878565,True
F3_z60_num67,-0.001829546833406788,-0.025100796800988995,-0.013465171817197892,-0.014604858334516692,0.029508727676637547,-0.054038172941184376,-0.005449571206666108,-0.022053241212387897,-0.00964368890847673,True
F3_z60_num68,-0.027362572990871983,-0.03840805804295282,-0.0328853155169124,-0.0218973277421833,-0.16930277957798925,-0.14950519653200608,-0.006593118094377178,-0.015025686660150289,-0.008171463789011166,True
F3_z60_num69,-0.025625800274645404,-0.036432100831509835,-0.031028950553077618,-0.02157086853386829,-0.16802024102861834,-0.15127919561498587,-0.005013682585611533,-0.012536016867690701,-0.0076821361946409605,True
F3_z60_num70,-0.0016268869376356943,-0.02279449640784873,-0.012210691672742214,-0.007375047932175044,0.030971241421008516,-0.03091070313322056,-0.0054263272267171415,-0.021687554938309997,-0.004537179311249563,True
F3_z60_num71,-0.01872901136168967,-0.018854512832146644,-0.018791762096918158,-0.008478600891024077,-0.026938078788203885,-0.04126576081838225,-0.015424344930433027,-0.015876098566981727,-0.0046900488402865015,True
F3_z60_num72,-0.021375505754660917,-0.043688416291133056,-0.03253196102289699,-0.019041445473152827,-0.10922749768847048,-0.1346164327867897,-0.00797586995215095,-0.025964158752154996,-0.006682498191362161,True
F3_z60_num73,-0.018027300046955345,-0.0361822753790106,-0.027104787712982973,-0.014728592632684745,-0.12817080730633093,-0.1432391249627572,-0.002303767284931788,-0.01701403186171396,-0.0015780079866899895,True
F3_z60_num74,-0.017970981099049384,-0.03934420822770254,-0.028657594663375963,-0.015160187480386821,-0.11760727428623005,-0.15811760988472795,-0.003543344501019712,-0.018515208548079275,-0.0006436298474626501,True
F3_z60_num75,-0.018211717340414543,-0.023452001199726576,-0.020831859270070557,-0.004285143465818188,-0.11129346693396125,-0.09090340640799048,-0.004558635875826713,-0.011253636122102787,0.004060571721204623,True
F3_z60_num76,-0.016146104275980278,-0.036354693457477764,-0.026250398866729023,-0.015877316554740763,-0.080763256171815,-0.12274540365412698,-0.006238359048549623,-0.02106707029598621,-0.0046082319308289425,True
F3_z60_num77,-0.021496786441558748,-0.02557938700150274,-0.023538086721530745,-0.01270263116373324,-0.11602066397957402,-0.12106419615634612,-0.00726378947841603,-0.014363739626154632,-0.0015878958596235102,True
F3_z60_num78,-0.003936312554225026,0.008389568757963251,0.0022266281018691126,0.0009760440764151947,-0.01481499998365515,0.018918139891618887,-0.002118861743794857,0.0051161658529203825,-0.0007608040092889683,False
F3_z60_num79,-0.00712532055007289,-0.0012738858568349578,-0.0041996032034539235,0.003350923368309219,-0.021379094624523736,0.003290126167503685,-0.004502610263574628,-0.004605590015706516,0.0030488614653688796,False
F3_z60_num80,-0.005753363419818472,-0.009429338108677703,-0.007591350764248087,-0.004721651575815254,-0.0639513201123633,-0.061959644664676954,0.002091954075593234,-0.003768609867529766,0.0009667771409228899,False
F3_z60_num81,-0.009764192613981551,-0.008695420650115287,-0.009229806632048419,-0.005735296258055422,-0.0854160186839381,-0.07193486444404067,0.0007143367516689227,-0.0013182810431559928,0.0008689434991720514,False
F3_z60_num82,-0.014986022430197175,-0.011119872178479998,-0.013052947304338586,-0.004731563279368934,-0.04896458089224645,-0.030014409277179258,-0.008979224095862572,-0.005364956835930271,-0.001975982149550515,True
F3_z60_num83,-0.01611365941496486,-0.0107250307912896,-0.01341934510312723,-0.006119564310060935,-0.06310036941884664,-0.04256266274315822,-0.008372733484134608,-0.0031619810615022776,-0.002211945499150438,True
F3_z60_num84,-0.021211438574254254,-0.02609864728415369,-0.023655042929203972,-0.010612946622213484,-0.08154047439980863,-0.07523347149839471,-0.01120834701540905,-0.015787634101998127,-0.0037058663436309904,True
F3_z60_num85,-0.023331623438452742,-0.02283861528702557,-0.023085119362739156,-0.008947760530363265,-0.13440112363701145,-0.07335260213849204,-0.0068437779206462455,-0.013765094493370518,-0.0022133602491759604,True
F3_z60_num86,-0.024340611387816388,-0.028813689801945784,-0.026577150594881086,-0.009878891924772091,-0.10275795206853702,-0.08037879509547867,-0.011734636128204516,-0.016999259771986398,-0.0024994266500366286,True
F3_z60_num87,-0.015637763824373808,-0.024830250976089895,-0.020234007400231853,-0.003835059280244566,-0.10306554994947793,-0.047798395978250065,-0.0029940535651926184,-0.015506356847633644,0.0005532449098165329,True
F3_z60_num88,-0.0027948913072178435,-0.013792111962168202,-0.008293501634693022,-0.003635825273882614,-0.031140503499106215,-0.03556212785294748,0.001025313443649169,-0.006013513941797715,-0.00037091582513061995,False
F3_z60_num89,0.0024690133012948545,-0.003017092721126735,-0.0002740397099159403,-0.003225030649517718,0.0003346857038406062,-0.005165186284837577,0.002427955265226303,-0.0016727483297647382,-0.002750822087654829,False
F3_z60_num90,-0.029985476956014,-0.028243543619485792,-0.029114510287749897,-0.010076086569799202,-0.15180962121394168,-0.15458758804067033,-0.011362019689002665,-0.004992345114990516,0.004116384672101844,True
F3_z60_num91,-0.01835917567525723,-0.011249939967149989,-0.01480455782120361,0.000878792069123595,-0.07519277296656156,-0.06939924236394743,-0.009134797253567044,0.00024921312194636953,0.00725023989325884,True
F3_z60_num92,-0.014185981427958114,-0.009755216505883565,-0.01197059896692084,-0.0019305143552573933,-0.15476774611542318,-0.044039958737629864,0.004800367942022012,-0.003928108356195755,0.002112732944221012,True
F3_z60_num93,-0.006396001760254627,-0.009933402582836613,-0.00816470217154562,-9.45209808679428e-05,-0.08107340199941064,-0.022664852575604494,0.0035497910396591285,-0.005962167997418635,0.0019863075801971647,False
F3_z60_num94,0.0027281461596116185,-0.01964637530073569,-0.008459114570562035,-0.007178323442960305,0.005641298224363732,-0.03560299920238518,0.002036092022516805,-0.017389980977925712,-0.003909661652517336,False
F3_z60_num95,0.01041227430011374,-0.00404953602613747,0.003181369136988135,-0.0024908965561222392,0.0673760919142525,0.01670399618181291,0.002146818141607264,-0.007656686868496529,-0.004024467190349573,False
F3_z60_num96,-0.010781203241362641,-0.0207758269416169,-0.01577851509148977,-0.006557757032320352,-0.0787114413210676,-0.054077514007033325,-0.0011251672658697306,-0.012685491265124813,-0.001592975757795245,True
F3_z60_num97,-0.017058317920777295,-0.02853838020528332,-0.022798349063030306,-0.010726662706377621,-0.10069781923262398,-0.0752796333227126,-0.004705072333548466,-0.017010338794893977,-0.0038153443749707767,True
F3_z60_num98,0.002046705033181238,-0.008799263690933201,-0.0033762793288759814,-0.0012640912759146444,-0.024803795090494535,-0.020054578722307134,0.005089545231540867,-0.0059616876584113136,0.0005770916766902122,False
