split,feature,feature_index,mean_rank_ic,std_rank_ic,positive_rate,abs_mean_rank_ic
train_sample,num_0,0,-0.017275557404943343,0.10377326840597115,0.4,
train_sample,num_1,1,0.02485313292366567,0.06773587091505355,0.6375,
train_sample,num_2,2,-0.009131693153092894,0.10170170978358103,0.4625,
train_sample,num_3,3,0.010854867008018685,0.10086086129951506,0.6,
train_sample,num_4,4,0.018439972189819447,0.08444888016002124,0.625,
train_sample,num_5,5,0.0015512419942691068,0.04448318075563645,0.4875,
train_sample,num_6,6,-0.01171675024485107,0.18334227268410488,0.4875,
train_sample,num_7,7,-0.052356618366725075,0.1447415408663381,0.3875,
train_sample,num_8,8,-0.061987341609616976,0.13493835958980574,0.325,
train_sample,num_9,9,-0.029583954150614628,0.16239973216146308,0.4,
train_sample,num_10,10,-0.026541422479146003,0.1687377489916128,0.4375,
train_sample,num_11,11,-0.04653521865037087,0.11261480382254627,0.375,
train_sample,num_12,12,-0.006205023666786834,0.06569989814896135,0.4625,
train_sample,num_13,13,-0.013269685976566147,0.043407272316722895,0.3625,
train_sample,num_14,14,0.0031005603059361562,0.061272367196536746,0.575,
train_sample,num_15,15,0.014084957873569809,0.04705418814391713,0.6625,
train_sample,num_16,16,-0.0005972492616383107,0.08650576356477792,0.4875,
train_sample,num_17,17,,,,
train_sample,num_18,18,,,,
train_sample,num_19,19,,,,
train_sample,num_20,20,,,,
train_sample,num_21,21,,,,
train_sample,num_22,22,,,,
train_sample,num_23,23,,,,
train_sample,num_24,24,,,,
train_sample,num_25,25,,,,
train_sample,num_26,26,0.0035199960963042203,0.10702877665468281,0.525,
train_sample,num_27,27,0.003823751613013486,0.10809963497536122,0.525,
train_sample,num_28,28,-0.0030662189447906094,0.07584162776327967,0.5125,
train_sample,num_29,29,0.008893287846074339,0.08540059861606923,0.575,
train_sample,num_30,30,-0.018838178303644766,0.0857450247161012,0.4375,
train_sample,num_31,31,-0.025518609624911703,0.0839763378429585,0.4,
train_sample,num_32,32,-0.019335180842953645,0.06420519819470716,0.35,
train_sample,num_33,33,-0.022053689550376343,0.05354228205688178,0.3,
train_sample,num_34,34,-0.009313640467734452,0.08522109828366559,0.5,
train_sample,num_35,35,-0.009663758028489242,0.07140700970722529,0.4875,
train_sample,num_36,36,-0.01058358468525567,0.05715005132641269,0.45,
train_sample,num_37,37,0.024176354381475813,0.050554897943660713,0.675,
train_sample,num_38,38,-0.02511976695770139,0.11630020673946323,0.45,
train_sample,num_39,39,-0.03589068753735621,0.09951051940144844,0.375,
train_sample,num_40,40,-0.04454942233693111,0.06778415433854706,0.2,
train_sample,num_41,41,-0.05181406801431722,0.13447158421684305,0.3375,
train_sample,num_42,42,-0.03964361609662016,0.07075577012088825,0.3375,
train_sample,num_43,43,-0.03184823627132762,0.08056493527732825,0.3375,
train_sample,num_44,44,-0.00419259836389354,0.07854798143447819,0.5125,
train_sample,num_45,45,-0.015950916932546348,0.09920786955230457,0.4625,
train_sample,num_46,46,0.018447254658204036,0.04540784601243312,0.625,
train_sample,num_47,47,-0.026264903828030484,0.0725971165514168,0.2875,
train_sample,num_48,48,-0.02659664916461451,0.06935408496956572,0.325,
train_sample,num_49,49,-0.03141386202921543,0.049594417502593996,0.25,
train_sample,num_50,50,-0.03164570669845702,0.05459535011721609,0.275,
train_sample,num_51,51,-0.024369170453643958,0.05385361819396641,0.3,
train_sample,num_52,52,-0.009404743977695315,0.05807977748089671,0.4,
train_sample,num_53,53,0.02689525448593978,0.08839950459233137,0.6125,
train_sample,num_54,54,0.026566510781152262,0.09753560944053782,0.6375,
train_sample,num_55,55,-0.035994291374385576,0.06447756867650424,0.3125,
train_sample,num_56,56,-0.018010504512728724,0.11107730407291593,0.4625,
train_sample,num_57,57,0.05805473698759618,0.05683327378588783,0.875,
train_sample,num_58,58,-0.036343537152284895,0.06893210971486437,0.2875,
train_sample,num_59,59,0.01769187269766561,0.049493964894728674,0.6,
train_sample,num_60,60,0.016138391585171847,0.06169206052296902,0.625,
train_sample,num_61,61,0.018453742017790594,0.061267752918122,0.65,
train_sample,num_62,62,0.001201220092148643,0.0667789378923469,0.5125,
train_sample,num_63,63,0.014324143110766787,0.06814314505403056,0.625,
train_sample,num_64,64,-0.014144251196951022,0.07284387123583613,0.375,
train_sample,num_65,65,0.006566147452715089,0.07544021273855284,0.5375,
train_sample,num_66,66,-0.033438904666668934,0.12072840311135334,0.3625,
train_sample,num_67,67,0.016538361439840814,0.0896025767073188,0.575,
train_sample,num_68,68,-0.04522599865550002,0.14697450310239263,0.3625,
train_sample,num_69,69,-0.04053791088259525,0.13859043919808767,0.3625,
train_sample,num_70,70,0.011300901173419222,0.11453977621257869,0.5375,
train_sample,num_71,71,0.01794542557086034,0.10027410529552692,0.5875,
train_sample,num_72,72,-0.02805114599336277,0.10258533091128529,0.3875,
train_sample,num_73,73,-0.030197852329701735,0.10622276950715076,0.4,
train_sample,num_74,74,-0.03446569949023699,0.11354357103870982,0.4,
train_sample,num_75,75,-0.01867976068760115,0.08829490469260674,0.3875,
train_sample,num_76,76,-0.0227271712664373,0.10251737231867401,0.375,
train_sample,num_77,77,-0.004904313160976963,0.06445471104326067,0.4125,
train_sample,num_78,78,0.010026101971812687,0.045025449312304,0.6625,
train_sample,num_79,79,0.008737673843545578,0.0825902710077614,0.5875,
train_sample,num_80,80,-0.0013215625133645623,0.04937137687293454,0.55,
train_sample,num_81,81,-0.009398856215745507,0.05537466335284541,0.475,
train_sample,num_82,82,-0.018254652005569215,0.05072225369301949,0.375,
train_sample,num_83,83,-0.02272711523593534,0.06132924716865274,0.35,
train_sample,num_84,84,-0.021309362665322854,0.08491410830676742,0.4125,
train_sample,num_85,85,-0.024925136933942015,0.0531465677413402,0.275,
train_sample,num_86,86,-0.035469197368551406,0.0561490586991128,0.25,
train_sample,num_87,87,-0.03403777211196639,0.07112161774274187,0.2875,
train_sample,num_88,88,-0.005036423488016307,0.05981522551686365,0.4875,
train_sample,num_89,89,0.00319434346115841,0.05697569647258228,0.5,
train_sample,num_90,90,-0.05017733324593404,0.07804576706978061,0.25,
train_sample,num_91,91,-0.022789561178510043,0.05605559296348525,0.3625,
train_sample,num_92,92,-0.026215402675741,0.08253386029090885,0.4125,
train_sample,num_93,93,-0.023952584267224693,0.08364358836153991,0.3875,
train_sample,num_94,94,0.008741926645435404,0.08314885748087923,0.625,
train_sample,num_95,95,0.010258067588405025,0.08698580355213574,0.525,
train_sample,num_96,96,-0.023483190582547275,0.0879487342194887,0.4625,
train_sample,num_97,97,-0.024384188197938587,0.08381950684902095,0.4,
train_sample,num_98,98,-0.019184873553939014,0.09124224013879492,0.45,
valid,num_0,0,-0.008474726259139316,0.10647496970293023,0.49794238683127573,0.008474726259139316
valid,num_1,1,0.016355864176585508,0.04834327358342495,0.6666666666666666,0.016355864176585508
valid,num_2,2,-0.03262936931925172,0.0952899728049133,0.3868312757201646,0.03262936931925172
valid,num_3,3,0.038413925411994745,0.10830773691892705,0.6666666666666666,0.038413925411994745
valid,num_4,4,0.008112465878960145,0.09459646395732083,0.551440329218107,0.008112465878960145
valid,num_5,5,0.010182253266898289,0.11539842950203345,0.51440329218107,0.010182253266898289
valid,num_6,6,-0.04886937063655297,0.1912089759017059,0.45267489711934156,0.04886937063655297
valid,num_7,7,-0.04729372744556918,0.12850823829321872,0.3333333333333333,0.04729372744556918
valid,num_8,8,-0.08692177971706788,0.15024606595555037,0.2839506172839506,0.08692177971706788
valid,num_9,9,-0.04981118443037487,0.17839172547527055,0.3868312757201646,0.04981118443037487
valid,num_10,10,-0.03268383151092153,0.17259540865555406,0.411522633744856,0.03268383151092153
valid,num_11,11,-0.07781266086939878,0.12436124032700473,0.2674897119341564,0.07781266086939878
valid,num_12,12,-0.00784354973969652,0.0636631006300478,0.4609053497942387,0.00784354973969652
valid,num_13,13,0.0015317264194428968,0.05501557072293099,0.5349794238683128,0.0015317264194428968
valid,num_14,14,-0.007174394310809374,0.054817037960953205,0.48148148148148145,0.007174394310809374
valid,num_15,15,0.0009541707855970302,0.03602814170479846,0.5102880658436214,0.0009541707855970302
valid,num_16,16,0.010128011277022288,0.069445034660552,0.5267489711934157,0.010128011277022288
valid,num_17,17,,,,
valid,num_18,18,,,,
valid,num_19,19,,,,
valid,num_20,20,,,,
valid,num_21,21,,,,
valid,num_22,22,,,,
valid,num_23,23,,,,
valid,num_24,24,,,,
valid,num_25,25,,,,
valid,num_26,26,0.007590227230842319,0.13298235429938177,0.5390946502057613,0.007590227230842319
valid,num_27,27,0.004631658821411539,0.138009789655028,0.5102880658436214,0.004631658821411539
valid,num_28,28,0.004461030231135505,0.10056791457748523,0.48559670781893005,0.004461030231135505
valid,num_29,29,0.011292448040990223,0.10363318205068099,0.5390946502057613,0.011292448040990223
valid,num_30,30,-0.011177360529687631,0.07434445034024072,0.4403292181069959,0.011177360529687631
valid,num_31,31,-0.005145779911082785,0.06311674126875677,0.46502057613168724,0.005145779911082785
valid,num_32,32,-0.006166815555365262,0.05584335486892218,0.4732510288065844,0.006166815555365262
valid,num_33,33,-0.007490059883100263,0.04239566176927169,0.448559670781893,0.007490059883100263
valid,num_34,34,0.01708261433203188,0.07366024226170269,0.6213991769547325,0.01708261433203188
valid,num_35,35,0.010272544135033606,0.06256441902737041,0.551440329218107,0.010272544135033606
valid,num_36,36,0.0022038431494044767,0.04951745926665452,0.5267489711934157,0.0022038431494044767
valid,num_37,37,0.0021712833452267465,0.04674788264581088,0.51440329218107,0.0021712833452267465
valid,num_38,38,-0.05970009799540371,0.109521286089203,0.27983539094650206,0.05970009799540371
valid,num_39,39,-0.051117776936484845,0.1003276680424652,0.27983539094650206,0.051117776936484845
valid,num_40,40,-0.027943703459641374,0.06080840380929465,0.3004115226337449,0.027943703459641374
valid,num_41,41,-0.04116114630460328,0.12991660004904337,0.345679012345679,0.04116114630460328
valid,num_42,42,-0.01428078643156628,0.0643864728016285,0.38271604938271603,0.01428078643156628
valid,num_43,43,-0.011695423599700891,0.08466173016922705,0.448559670781893,0.011695423599700891
valid,num_44,44,-0.00291565984139876,0.09119841775400328,0.48148148148148145,0.00291565984139876
valid,num_45,45,-0.013621948050172639,0.10424915479106947,0.4567901234567901,0.013621948050172639
valid,num_46,46,0.016409911219350846,0.05032513050625078,0.5925925925925926,0.016409911219350846
valid,num_47,47,-0.032716750728427654,0.06438770811240599,0.2716049382716049,0.032716750728427654
valid,num_48,48,-0.027579430502683727,0.06221086212506116,0.2962962962962963,0.027579430502683727
valid,num_49,49,0.00012463672935384044,0.05230614808649969,0.48559670781893005,0.00012463672935384044
valid,num_50,50,0.0027003297005716138,0.06760845677884057,0.51440329218107,0.0027003297005716138
valid,num_51,51,0.010514972399425001,0.0685698948126736,0.5637860082304527,0.010514972399425001
valid,num_52,52,0.018757082460681862,0.06004500640489439,0.6378600823045267,0.018757082460681862
valid,num_53,53,0.04954156905587481,0.11036524464755572,0.6625514403292181,0.04954156905587481
valid,num_54,54,0.02491138512654892,0.0930308192260832,0.6296296296296297,0.02491138512654892
valid,num_55,55,-0.0053884029108869115,0.07131941030937554,0.4691358024691358,0.0053884029108869115
valid,num_56,56,-0.04972501085941611,0.12726116417668046,0.3333333333333333,0.04972501085941611
valid,num_57,57,0.05242277363870715,0.05085068033719719,0.8559670781893004,0.05242277363870715
valid,num_58,58,-0.014056200573801502,0.06820375415295035,0.4156378600823045,0.014056200573801502
valid,num_59,59,0.0004023785208763584,0.042220624031709,0.5349794238683128,0.0004023785208763584
valid,num_60,60,0.028798661284088232,0.06605417468000636,0.654320987654321,0.028798661284088232
valid,num_61,61,0.03153536874497979,0.0664975624367221,0.6625514403292181,0.03153536874497979
valid,num_62,62,-0.01911203818506753,0.06812428736799636,0.4279835390946502,0.01911203818506753
valid,num_63,63,-0.006515489862674898,0.069779253299096,0.5308641975308642,0.006515489862674898
valid,num_64,64,-0.027249827659556893,0.06820394006508296,0.345679012345679,0.027249827659556893
valid,num_65,65,-0.01666559889945399,0.06940285167067299,0.43209876543209874,0.01666559889945399
valid,num_66,66,-0.06143646826044362,0.14051608490273415,0.3662551440329218,0.06143646826044362
valid,num_67,67,0.04251667744436259,0.11088955797585892,0.6213991769547325,0.04251667744436259
valid,num_68,68,-0.07584903940944251,0.1635517137528178,0.35390946502057613,0.07584903940944251
valid,num_69,69,-0.07075261873119948,0.15747728056649934,0.36213991769547327,0.07075261873119948
valid,num_70,70,0.054336249899172406,0.14480622754275008,0.6172839506172839,0.054336249899172406
valid,num_71,71,0.051728214477863986,0.12903380458429167,0.6213991769547325,0.051728214477863986
valid,num_72,72,-0.05987837885375953,0.09986624692461019,0.25102880658436216,0.05987837885375953
valid,num_73,73,-0.052466020670606045,0.11009880402434619,0.3374485596707819,0.052466020670606045
valid,num_74,74,-0.06380213755070278,0.1140144022049812,0.25925925925925924,0.06380213755070278
valid,num_75,75,-0.013562749998932368,0.09480830101531566,0.42386831275720166,0.013562749998932368
valid,num_76,76,-0.055764914589971445,0.10142878663858075,0.2551440329218107,0.055764914589971445
valid,num_77,77,-0.014870857073018974,0.07341948970017126,0.4156378600823045,0.014870857073018974
valid,num_78,78,-0.006027503647176455,0.0517534283877948,0.49382716049382713,0.006027503647176455
valid,num_79,79,0.01068748008167128,0.06695548426915209,0.588477366255144,0.01068748008167128
valid,num_80,80,-0.001122961456125723,0.05642774994993089,0.48559670781893005,0.001122961456125723
valid,num_81,81,-0.006175956402495944,0.05260367153465829,0.448559670781893,0.006175956402495944
valid,num_82,82,-0.008155728799006896,0.03471877837050132,0.411522633744856,0.008155728799006896
valid,num_83,83,-0.008025572458911152,0.046306878251439,0.448559670781893,0.008025572458911152
valid,num_84,84,-0.03299708094361413,0.07789871298020778,0.3497942386831276,0.03299708094361413
valid,num_85,85,-0.017623686347446224,0.06213752475487844,0.3868312757201646,0.017623686347446224
valid,num_86,86,-0.029945156189619748,0.06075264058023883,0.31275720164609055,0.029945156189619748
valid,num_87,87,-0.016636932206012308,0.0782920947972858,0.43209876543209874,0.016636932206012308
valid,num_88,88,-0.022665717272377,0.06594456231652694,0.40329218106995884,0.022665717272377
valid,num_89,89,-0.00998446649513121,0.047882016639748545,0.40329218106995884,0.00998446649513121
valid,num_90,90,-0.0546191104125324,0.0832141142179287,0.25102880658436216,0.0546191104125324
valid,num_91,91,-0.02618301073860969,0.06527166127546948,0.35802469135802467,0.02618301073860969
valid,num_92,92,-0.00963512772099798,0.08675535022520518,0.48148148148148145,0.00963512772099798
valid,num_93,93,-0.01035951553803162,0.08773671856929528,0.4691358024691358,0.01035951553803162
valid,num_94,94,0.005388201900043282,0.0913652013125082,0.5596707818930041,0.005388201900043282
valid,num_95,95,0.01661712136608043,0.08908594170210972,0.5802469135802469,0.01661712136608043
valid,num_96,96,-0.015043834076762339,0.09305930001467447,0.4444444444444444,0.015043834076762339
valid,num_97,97,-0.02479722871467845,0.09174051996165886,0.3950617283950617,0.02479722871467845
valid,num_98,98,-0.004113396778188146,0.09542104511801147,0.51440329218107,0.004113396778188146
