fold,expert_rounds,recent_weight,mean_rank_ic,std_rank_ic,late_half_rank_ic,worst_quarter_rank_ic,negative_time_share,mean_delta,late_delta
fold_1,8,0.05,0.1125541568058741,0.08375349517439168,0.13417290305046845,0.08738930874689237,0.09465020576131687,0.0005230520853787418,0.0004948770791916579
fold_1,8,0.1,0.11301166084461034,0.08384384183095869,0.13460440020979642,0.08817054415270255,0.09053497942386832,0.0009805561241149757,0.0009263742385196283
fold_1,8,0.15,0.11341817127814353,0.08390340653152847,0.13495883676346687,0.08892157705545381,0.08641975308641975,0.00138706655764817,0.0012808107921900846
fold_1,8,0.2,0.1137587753912972,0.08394425138537964,0.13523461250792204,0.08964621541695042,0.08641975308641975,0.0017276706708018313,0.0015565865366452547
fold_1,8,0.25,0.11404652735876232,0.0839545732622183,0.13545037677932908,0.09031657747839235,0.08641975308641975,0.002015422638266956,0.0017723508080522976
fold_1,8,0.3,0.11428008478804139,0.08392407234203796,0.13559470713153737,0.09095920177290438,0.08641975308641975,0.002248980067546022,0.001916681160260586
fold_1,8,0.35,0.11445127238506075,0.08386356216490637,0.135657584056809,0.09156599483275525,0.08641975308641975,0.0024201676645653897,0.0019795580855322126
fold_1,16,0.05,0.1125959068686884,0.0838089858759172,0.13424237728748248,0.08729115400833506,0.09465020576131687,0.0005648021481930304,0.0005643513162056912
fold_1,16,0.1,0.11310488919836009,0.08395202329547512,0.13475101990217206,0.08799790089654018,0.09053497942386832,0.0010737844778647282,0.0010729939308952718
fold_1,16,0.15,0.11357227427624352,0.08407709825650551,0.1352066697207689,0.08865606564552465,0.09053497942386832,0.0015411695557481508,0.0015286437494921035
fold_1,16,0.2,0.11399002654219878,0.0841680251539274,0.13559395720255596,0.08931472720577528,0.09053497942386832,0.001958921821703416,0.001915931231279172
fold_1,16,0.25,0.1143536288447113,0.08422669667024446,0.135921795320071,0.08991990305191998,0.09053497942386832,0.0023225241242159356,0.0022437693487942223
fold_1,16,0.3,0.1146899423249304,0.08425914607994933,0.13620888208799675,0.0905096007937436,0.08641975308641975,0.002658837604435041,0.002530856116719965
fold_1,16,0.35,0.11496678189771588,0.08426451196770816,0.13641701729381914,0.09105950170203712,0.08641975308641975,0.0029356771772205137,0.00273899132254235
fold_1,32,0.05,0.11277439197461013,0.08379561372002695,0.13440977755164252,0.08751275044058546,0.09465020576131687,0.0007432872541147661,0.0007317515803657304
fold_1,32,0.1,0.11347152238488471,0.08391790623587689,0.1350765321927781,0.08845523741616085,0.09053497942386832,0.0014404176643893485,0.001398506221501311
fold_1,32,0.15,0.1141284084136586,0.08401991136137847,0.1357013547680708,0.0893536530423058,0.09053497942386832,0.00209730369316323,0.0020233287967940106
fold_1,32,0.2,0.11472584754849663,0.08410238996993118,0.136246627174706,0.09022021097059077,0.08641975308641975,0.0026947428280012647,0.0025686012034292216
fold_1,32,0.25,0.11527988877863347,0.0841520883634916,0.13673813095087453,0.09106023320441856,0.08641975308641975,0.00324878405813811,0.003060104979597744
fold_1,32,0.3,0.11579672339976925,0.08415997906993072,0.13717459940838111,0.09189195333197779,0.0823045267489712,0.0037656186792738855,0.0034965734371043278
fold_1,32,0.35,0.11624813329969698,0.084156009858234,0.1375281593233887,0.09266803600325604,0.0823045267489712,0.004217028579201615,0.0038501333521119008
fold_2,8,0.05,0.09733090308356276,0.12535795375328382,0.06840088986712099,0.06578331215858714,0.23045267489711935,0.00021349127978687044,0.00012734726327683077
fold_2,8,0.1,0.09748242239398022,0.12598126470039486,0.0684683439447074,0.06589904999920033,0.23045267489711935,0.0003650105902043288,0.00019480134086323486
fold_2,8,0.15,0.09761728710656475,0.1265727504128929,0.06852194572902126,0.06598351742347595,0.23045267489711935,0.0004998753027888603,0.00024840312517709906
fold_2,8,0.2,0.09772344292138542,0.12713405798305222,0.06855535470751148,0.06604236458044963,0.23045267489711935,0.0006060311176095262,0.0002818121036673171
fold_2,8,0.25,0.09780155448691136,0.1276578205368594,0.06856969902934953,0.06607105853721934,0.23045267489711935,0.0006841426831354636,0.0002961564255053728
fold_2,8,0.3,0.09785204332231866,0.1281480640282598,0.06856926004889478,0.06608093751955856,0.23045267489711935,0.0007346315185427638,0.00029571744505062225
fold_2,8,0.35,0.0978655561390871,0.12859608130262845,0.06853779182284643,0.06606486346470447,0.23045267489711935,0.0007481443353112016,0.00026424921900226883
fold_2,16,0.05,0.09728793024621922,0.1253439084140572,0.06835862567925763,0.06574397398906542,0.23045267489711935,0.00017051844244332648,8.508307541346682e-05
fold_2,16,0.1,0.09741225104097578,0.1259459181728017,0.06839752465368996,0.06582820732375688,0.23045267489711935,0.0002948392371998898,0.00012398204984580274
fold_2,16,0.15,0.09750942552822023,0.12652784286311464,0.06841460402126794,0.06587771443284465,0.23045267489711935,0.00039201372444433447,0.00014106141742377398
fold_2,16,0.2,0.09758080396915295,0.12707584263576863,0.06841286533357564,0.06590486338929306,0.23045267489711935,0.0004633921653770523,0.00013932272973148085
fold_2,16,0.25,0.09762416147891056,0.1275913539247835,0.0683889699160517,0.06590964187829852,0.23045267489711935,0.0005067496751346712,0.00011542731220753888
fold_2,16,0.3,0.0976510561313793,0.12808180376611297,0.06835697170329585,0.06590002917595694,0.23045267489711935,0.0005336443276034025,8.342909945169286e-05
fold_2,16,0.35,0.09763820023575795,0.12854289672648023,0.06829016763996869,0.06584803826965104,0.2345679012345679,0.0005207884319820555,1.662503612452626e-05
fold_2,32,0.05,0.09743626492880134,0.12549918006716373,0.06848277351350311,0.06582207358057944,0.23045267489711935,0.0003188531250254423,0.00020923090965895008
fold_2,32,0.1,0.09769191198864562,0.1262569363248366,0.06862657562201423,0.06595396750217876,0.23045267489711935,0.0005745001848697223,0.00035303301817006527
fold_2,32,0.15,0.09791956964336537,0.12698783851919176,0.06875432957888167,0.06606248379838561,0.23045267489711935,0.0008021578395894791,0.000480786975037506
fold_2,32,0.2,0.09812023306440774,0.12770200092469028,0.06885297503930317,0.06615266049369398,0.23045267489711935,0.0010028212606318504,0.0005794324354590069
fold_2,32,0.25,0.09829971583261873,0.12837324887339463,0.06894013292333985,0.06622158949801454,0.23045267489711935,0.00118230402884284,0.0006665903194956885
fold_2,32,0.3,0.09846834297249439,0.12902419594825998,0.06902702903447994,0.06627525605945908,0.23045267489711935,0.0013509311687184972,0.0007534864306357747
fold_2,32,0.35,0.09860622432135974,0.12963471570562046,0.06909050536128183,0.06631821050507825,0.23045267489711935,0.001488812517583843,0.0008169627574376725
fold_3,8,0.05,0.08430939272487817,0.12695839778338677,0.08242815978331106,0.054765808768953775,0.2551440329218107,0.000537163650726355,0.0004799742271364288
fold_3,8,0.1,0.08481021599408002,0.12723511728469242,0.08287964509866244,0.05516102112177692,0.2551440329218107,0.0010379869199282077,0.0009314595424878142
fold_3,8,0.15,0.08526509080685096,0.12745343952265267,0.08328574541048427,0.05552342958832996,0.2551440329218107,0.0014928617326991495,0.001337559854309639
fold_3,8,0.2,0.08569850582069971,0.12761885143489282,0.08366749954662339,0.05587914230476638,0.25102880658436216,0.0019262767465478975,0.0017193139904487648
fold_3,8,0.25,0.08610717998138341,0.12772193628852851,0.08401015575793021,0.05620908223208725,0.25102880658436216,0.0023349509072315977,0.0020619702017555808
fold_3,8,0.3,0.08648045989774673,0.12775183999658415,0.08432523242180524,0.05654133574356644,0.24691358024691357,0.0027082308235949204,0.0023770468656306165
fold_3,8,0.35,0.08683898961832807,0.12769793467877225,0.08461212339556085,0.056869307784574594,0.24691358024691357,0.0030667605441762613,0.0026639378393862184
fold_3,16,0.05,0.08433824450124709,0.12692805424420636,0.08243521866018833,0.054791692480071916,0.2551440329218107,0.0005660154270952789,0.00048703310401369826
fold_3,16,0.1,0.08486085150526156,0.12718139017565372,0.08288619818207024,0.055207261565828426,0.2551440329218107,0.0010886224311097425,0.0009380126258956151
fold_3,16,0.15,0.08535855861565919,0.12738432946231837,0.08331799534501383,0.05561124806688171,0.25102880658436216,0.001586329541507378,0.001369809788839202
fold_3,16,0.2,0.08583481942044462,0.12754280563758674,0.0837113431428671,0.05598598268850636,0.25102880658436216,0.002062590346292803,0.0017631575866924737
fold_3,16,0.25,0.08627746734452434,0.1276446968864181,0.08406488304629842,0.056340744184397926,0.24279835390946503,0.002505238270372523,0.0021166974901237895
fold_3,16,0.3,0.08670074393822756,0.12768309566678449,0.08439784551977739,0.056692539133596,0.23868312757201646,0.0029285148640757486,0.00244965996360276
fold_3,16,0.35,0.08709418750717608,0.12764831341321717,0.0846991842695797,0.05703480477267573,0.24279835390946503,0.003321958433024269,0.0027509987134050756
fold_3,32,0.05,0.08448323717338879,0.1268432783756239,0.08260763804782364,0.0549866304398594,0.2551440329218107,0.0007110080992369788,0.000659452491649018
fold_3,32,0.1,0.08515750430965313,0.12701447459263832,0.08323002782016553,0.05559299309255435,0.24691358024691357,0.0013852752355013181,0.0012818422639909038
fold_3,32,0.15,0.08580845872579557,0.1271501222165167,0.08383699240335404,0.056197291702738024,0.24279835390946503,0.0020362296516437534,0.0018888068471794167
fold_3,32,0.2,0.08644474052322725,0.12723844537340734,0.08442176886324138,0.05677755209726471,0.23868312757201646,0.002672511449075432,0.0024735833070667484
fold_3,32,0.25,0.08706082241097894,0.12727036278857226,0.08497114353659559,0.05733202472573671,0.23868312757201646,0.003288593336827128,0.0030229579804209594
fold_3,32,0.3,0.08766183616090448,0.1272618811685502,0.08551405328428302,0.057901392179545264,0.23868312757201646,0.003889607086752664,0.0035658677281083934
fold_3,32,0.35,0.0882370727453237,0.12719355797110582,0.08602072456930847,0.05845133721586369,0.2345679012345679,0.004464843671171892,0.004072539013133841
