index,name,spec,fold2_ic,fold3_ic,pooled_ic,floor_pass
0,rank_0,"{""col"": 0, ""kind"": ""rank""}",-0.05749601794143947,-0.05778941766221956,-0.057642717801829516,True
1,rank_1,"{""col"": 1, ""kind"": ""rank""}",0.06152270789242952,0.06409129127747684,0.06280699958495319,True
2,rank_2,"{""col"": 2, ""kind"": ""rank""}",-0.04371779753245401,-0.06580930377945866,-0.05476355065595634,True
3,rank_3,"{""col"": 3, ""kind"": ""rank""}",-0.04899547099416598,-0.031136676989540327,-0.04006607399185315,True
4,rank_4,"{""col"": 4, ""kind"": ""rank""}",-0.0462448927000176,-0.055573836749715985,-0.05090936472486679,True
5,rank_5,"{""col"": 5, ""kind"": ""rank""}",-0.047276757077111535,-0.02261733868678473,-0.034947047881948134,True
6,rank_6,"{""col"": 6, ""kind"": ""rank""}",-0.03227983647020868,-0.048395933970192755,-0.040337885220200716,True
7,rank_7,"{""col"": 7, ""kind"": ""rank""}",-0.03482328017928135,-0.031299949078929946,-0.033061614629105646,True
8,rank_8,"{""col"": 8, ""kind"": ""rank""}",-0.03811995246707521,-0.05128430320074001,-0.04470212783390761,True
9,rank_9,"{""col"": 9, ""kind"": ""rank""}",-0.03416521595997074,-0.03505290429193693,-0.034609060125953835,True
10,rank_10,"{""col"": 10, ""kind"": ""rank""}",-0.03787456453858543,-0.06734057924002913,-0.052607571889307286,True
11,rank_11,"{""col"": 11, ""kind"": ""rank""}",0.03609274898557192,0.03393293554776218,0.03501284226666705,True
12,rank_12,"{""col"": 12, ""kind"": ""rank""}",-0.03638317531465507,-0.012968771313090025,-0.024675973313872546,True
13,rank_13,"{""col"": 13, ""kind"": ""rank""}",0.02672287498259489,0.0025068930220395816,0.014614884002317237,True
14,rank_14,"{""col"": 14, ""kind"": ""rank""}",-0.028480087689792596,-0.026223133591744337,-0.027351610640768464,True
15,rank_15,"{""col"": 15, ""kind"": ""rank""}",0.030632678060970964,0.010928326463694911,0.02078050226233294,True
16,rank_16,"{""col"": 16, ""kind"": ""rank""}",-0.03430799545448026,-0.010204580283694881,-0.022256287869087572,True
17,rank_17,"{""col"": 17, ""kind"": ""rank""}",-0.02635387832514414,-0.02029598354262469,-0.023324930933884415,True
18,rank_18,"{""col"": 18, ""kind"": ""rank""}",-0.02574947792987187,-0.03599126085604346,-0.030870369392957668,True
19,rank_19,"{""col"": 19, ""kind"": ""rank""}",-0.01845192219971986,0.0005810379331182373,-0.008935442133300811,False
20,rank_20,"{""col"": 20, ""kind"": ""rank""}",-0.03216332379567384,-0.04608199369453587,-0.03912265874510486,True
21,rank_21,"{""col"": 21, ""kind"": ""rank""}",0.022003855618789682,-0.0013259736019561386,0.010338941008416772,False
22,rank_22,"{""col"": 22, ""kind"": ""rank""}",-0.02214523599819526,-0.013168971736245616,-0.017657103867220438,True
23,rank_23,"{""col"": 23, ""kind"": ""rank""}",0.028354157168809235,0.02267690365860811,0.025515530413708673,True
24,rank_24,"{""col"": 24, ""kind"": ""rank""}",0.004176356779171495,0.015789027545277265,0.00998269216222438,True
25,rank_25,"{""col"": 25, ""kind"": ""rank""}",0.028835033837155608,0.018425525079110626,0.02363027945813312,True
26,rank_26,"{""col"": 26, ""kind"": ""rank""}",-0.027856694983875,-0.02603723584215742,-0.026946965413016208,True
27,rank_27,"{""col"": 27, ""kind"": ""rank""}",0.025350463632435864,0.01240754379419613,0.018879003713316,True
28,rank_28,"{""col"": 28, ""kind"": ""rank""}",0.027075993097571287,0.019965369340135975,0.02352068121885363,True
29,rank_29,"{""col"": 29, ""kind"": ""rank""}",-0.021089224075005082,-0.01794286808075499,-0.019516046077880038,True
30,rank_30,"{""col"": 30, ""kind"": ""rank""}",-0.020638568395269875,-0.012364971636641147,-0.01650177001595551,True
31,diff_1_0,"{""a"": 1, ""b"": 0, ""kind"": ""diff""}",0.07428340104148749,0.0736442044220535,0.0739638027317705,True
32,diff_1_2,"{""a"": 1, ""b"": 2, ""kind"": ""diff""}",0.06609022719118468,0.07938561196455303,0.07273791957786885,True
33,diff_1_10,"{""a"": 1, ""b"": 10, ""kind"": ""diff""}",0.06370449818495529,0.08114113337532501,0.07242281578014015,True
34,diff_1_4,"{""a"": 1, ""b"": 4, ""kind"": ""diff""}",0.06909781276570312,0.07466605698184862,0.07188193487377587,True
35,diff_1_8,"{""a"": 1, ""b"": 8, ""kind"": ""diff""}",0.06563762182922023,0.07208491844458316,0.06886127013690169,True
36,diff_1_6,"{""a"": 1, ""b"": 6, ""kind"": ""diff""}",0.06182852328836158,0.07208327072184173,0.06695589700510166,True
37,diff_1_3,"{""a"": 1, ""b"": 3, ""kind"": ""diff""}",0.07457132074876405,0.061761608950527194,0.06816646484964561,True
38,diff_1_20,"{""a"": 1, ""b"": 20, ""kind"": ""diff""}",0.06267176198586988,0.06976206137453492,0.0662169116802024,True
39,diff_1_11,"{""a"": 1, ""b"": 11, ""kind"": ""diff""}",0.01801758209272839,0.021718428825321743,0.01986800545902507,True
40,diff_1_5,"{""a"": 1, ""b"": 5, ""kind"": ""diff""}",0.07068116694258945,0.056249441601318236,0.06346530427195385,True
41,diff_1_9,"{""a"": 1, ""b"": 9, ""kind"": ""diff""}",0.060705797235528394,0.061150409307363936,0.06092810327144617,True
42,diff_1_7,"{""a"": 1, ""b"": 7, ""kind"": ""diff""}",0.0677197740647622,0.062445130610489806,0.06508245233762601,True
43,diff_1_18,"{""a"": 1, ""b"": 18, ""kind"": ""diff""}",0.05933051392711913,0.06773296630562314,0.06353174011637114,True
44,diff_1_14,"{""a"": 1, ""b"": 14, ""kind"": ""diff""}",0.0587720995190725,0.05780759229276936,0.05828984590592093,True
45,diff_1_26,"{""a"": 1, ""b"": 26, ""kind"": ""diff""}",0.05864483922310016,0.057331123987023586,0.05798798160506187,True
46,diff_0_2,"{""a"": 0, ""b"": 2, ""kind"": ""diff""}",-0.01683584293348536,0.00882697861594823,-0.004004432158768565,False
47,diff_0_10,"{""a"": 0, ""b"": 10, ""kind"": ""diff""}",-0.014583327650487038,0.007729215768557243,-0.003427055940964897,False
48,diff_0_4,"{""a"": 0, ""b"": 4, ""kind"": ""diff""}",-0.008328495656679282,-0.002134300793887223,-0.005231398225283252,True
49,diff_0_8,"{""a"": 0, ""b"": 8, ""kind"": ""diff""}",-0.01858092883163514,-0.005546551080019686,-0.012063739955827412,True
50,diff_0_6,"{""a"": 0, ""b"": 6, ""kind"": ""diff""}",-0.029505412451996293,-0.009740119921638181,-0.019622766186817235,True
51,diff_0_3,"{""a"": 0, ""b"": 3, ""kind"": ""diff""}",-0.00777706311582431,-0.025771942990581886,-0.016774503053203098,True
52,diff_0_20,"{""a"": 0, ""b"": 20, ""kind"": ""diff""}",-0.01868403375368822,-0.008932439893908507,-0.013808236823798363,True
53,diff_0_11,"{""a"": 0, ""b"": 11, ""kind"": ""diff""}",-0.06199486725545882,-0.059495038550909776,-0.060744952903184296,True
54,diff_0_5,"{""a"": 0, ""b"": 5, ""kind"": ""diff""}",-0.007978008401998655,-0.027085568918203667,-0.01753178866010116,True
55,diff_0_9,"{""a"": 0, ""b"": 9, ""kind"": ""diff""}",-0.017129080507738148,-0.01691961728830293,-0.01702434889802054,True
56,diff_0_7,"{""a"": 0, ""b"": 7, ""kind"": ""diff""}",-0.017956644115752405,-0.020412931438799964,-0.019184787777276183,True
57,diff_0_18,"{""a"": 0, ""b"": 18, ""kind"": ""diff""}",-0.029029117932469813,-0.018241242764784747,-0.02363518034862728,True
58,diff_0_14,"{""a"": 0, ""b"": 14, ""kind"": ""diff""}",-0.022068666870220348,-0.023498205434011096,-0.02278343615211572,True
59,diff_0_26,"{""a"": 0, ""b"": 26, ""kind"": ""diff""}",-0.020200163131687533,-0.02292572323201152,-0.021562943181849526,True
60,diff_2_10,"{""a"": 2, ""b"": 10, ""kind"": ""diff""}",-0.0036759627592621194,0.002296471237604863,-0.0006897457608286283,False
61,diff_2_4,"{""a"": 2, ""b"": 4, ""kind"": ""diff""}",0.002995395415801255,-0.008731448008412773,-0.002868026296305759,False
62,diff_2_8,"{""a"": 2, ""b"": 8, ""kind"": ""diff""}",-0.0043353868855288795,-0.014575815605202738,-0.009455601245365809,True
63,diff_2_6,"{""a"": 2, ""b"": 6, ""kind"": ""diff""}",-0.01352742786478932,-0.02228404353228528,-0.0179057356985373,True
64,diff_2_3,"{""a"": 2, ""b"": 3, ""kind"": ""diff""}",0.0037934362210516877,-0.02409095714858329,-0.010148760463765802,False
65,diff_2_20,"{""a"": 2, ""b"": 20, ""kind"": ""diff""}",-0.007860990080140842,-0.015271326377915164,-0.011566158229028003,True
66,diff_2_11,"{""a"": 2, ""b"": 11, ""kind"": ""diff""}",-0.05511649279140754,-0.06794708211458321,-0.061531787452995375,True
67,diff_2_5,"{""a"": 2, ""b"": 5, ""kind"": ""diff""}",0.0035789374217139428,-0.033537058872922576,-0.014979060725604317,False
68,diff_2_9,"{""a"": 2, ""b"": 9, ""kind"": ""diff""}",-0.006269144189677193,-0.02275378693668717,-0.014511465563182183,True
69,diff_2_7,"{""a"": 2, ""b"": 7, ""kind"": ""diff""}",-0.007170173675187036,-0.02758150305804019,-0.017375838366613612,True
70,diff_2_18,"{""a"": 2, ""b"": 18, ""kind"": ""diff""}",-0.01904712400658909,-0.031261902313413276,-0.025154513160001182,True
71,diff_2_14,"{""a"": 2, ""b"": 14, ""kind"": ""diff""}",-0.010938648829045829,-0.029898882994249504,-0.020418765911647666,True
72,diff_2_26,"{""a"": 2, ""b"": 26, ""kind"": ""diff""}",-0.009952073486593903,-0.026774823648098703,-0.018363448567346303,True
73,diff_10_4,"{""a"": 10, ""b"": 4, ""kind"": ""diff""}",0.01281208656488766,-0.017866488466360953,-0.002527200950736647,False
74,diff_10_8,"{""a"": 10, ""b"": 8, ""kind"": ""diff""}",0.0005620569909700168,-0.025189530730629663,-0.012313736869829823,False
75,diff_10_6,"{""a"": 10, ""b"": 6, ""kind"": ""diff""}",-0.009403985259016565,-0.030162304408324216,-0.019783144833670392,True
76,diff_10_3,"{""a"": 10, ""b"": 3, ""kind"": ""diff""}",0.007693932445776508,-0.028349441222512654,-0.010327754388368072,False
77,diff_10_20,"{""a"": 10, ""b"": 20, ""kind"": ""diff""}",-0.007128726055598704,-0.02540019715749747,-0.016264461606548087,True
78,diff_10_11,"{""a"": 10, ""b"": 11, ""kind"": ""diff""}",-0.04683269999596141,-0.06474793560304587,-0.055790317799503636,True
79,diff_10_5,"{""a"": 10, ""b"": 5, ""kind"": ""diff""}",0.007227623606764578,-0.0344440675397493,-0.013608221966492362,False
80,diff_10_9,"{""a"": 10, ""b"": 9, ""kind"": ""diff""}",-0.0030666134380584425,-0.026510344690415865,-0.014788479064237154,True
81,diff_10_7,"{""a"": 10, ""b"": 7, ""kind"": ""diff""}",-0.002678793142082035,-0.029039433563193672,-0.015859113352637854,True
82,diff_10_18,"{""a"": 10, ""b"": 18, ""kind"": ""diff""}",-0.013777554331322,-0.03603669937526829,-0.024907126853295145,True
83,diff_10_14,"{""a"": 10, ""b"": 14, ""kind"": ""diff""}",-0.007610810702337309,-0.03267887433845574,-0.020144842520396524,True
84,diff_10_26,"{""a"": 10, ""b"": 26, ""kind"": ""diff""}",-0.008281270155011436,-0.03263340800946609,-0.020457339082238762,True
85,diff_4_8,"{""a"": 4, ""b"": 8, ""kind"": ""diff""}",-0.00964062448145786,-0.005624187019203777,-0.007632405750330818,True
86,diff_4_6,"{""a"": 4, ""b"": 6, ""kind"": ""diff""}",-0.015513416929994249,-0.008456319388613728,-0.01198486815930399,True
87,diff_4_3,"{""a"": 4, ""b"": 3, ""kind"": ""diff""}",0.0010174759765543572,-0.019244104331546254,-0.009113314177495948,False
88,diff_4_20,"{""a"": 4, ""b"": 20, ""kind"": ""diff""}",-0.015661490430435587,-0.010623566622111018,-0.013142528526273303,True
89,diff_4_11,"{""a"": 4, ""b"": 11, ""kind"": ""diff""}",-0.05192054039312514,-0.05573933102900238,-0.05382993571106376,True
90,diff_4_5,"{""a"": 4, ""b"": 5, ""kind"": ""diff""}",0.0006929909728788438,-0.029995868132267903,-0.01465143857969453,False
91,diff_4_9,"{""a"": 4, ""b"": 9, ""kind"": ""diff""}",-0.010529309374665823,-0.017170958064390205,-0.013850133719528014,True
92,diff_4_7,"{""a"": 4, ""b"": 7, ""kind"": ""diff""}",-0.009480552003052728,-0.019565944870146738,-0.014523248436599733,True
93,diff_4_18,"{""a"": 4, ""b"": 18, ""kind"": ""diff""}",-0.020591757411424456,-0.021437638926213295,-0.021014698168818874,True
94,diff_4_14,"{""a"": 4, ""b"": 14, ""kind"": ""diff""}",-0.013936548599908555,-0.022492743842333126,-0.01821464622112084,True
95,diff_4_26,"{""a"": 4, ""b"": 26, ""kind"": ""diff""}",-0.01609186947485724,-0.024105595385901478,-0.020098732430379358,True
96,diff_8_6,"{""a"": 8, ""b"": 6, ""kind"": ""diff""}",-0.00926349638032592,-0.005255454676720068,-0.007259475528522994,True
97,diff_8_3,"{""a"": 8, ""b"": 3, ""kind"": ""diff""}",0.009500782985661567,-0.017543285484688927,-0.00402125124951368,False
98,diff_8_20,"{""a"": 8, ""b"": 20, ""kind"": ""diff""}",-0.007756228471653108,-0.007284311956066597,-0.0075202702138598525,True
99,diff_8_11,"{""a"": 8, ""b"": 11, ""kind"": ""diff""}",-0.04715575226844479,-0.0539379860692628,-0.05054686916885379,True
100,diff_8_5,"{""a"": 8, ""b"": 5, ""kind"": ""diff""}",0.007959202677572455,-0.022578420980521277,-0.007309609151474411,False
101,diff_8_9,"{""a"": 8, ""b"": 9, ""kind"": ""diff""}",-0.0035559021166952625,-0.013640564392145359,-0.008598233254420311,True
102,diff_8_7,"{""a"": 8, ""b"": 7, ""kind"": ""diff""}",-0.003266353724387862,-0.01800197324037195,-0.010634163482379905,True
103,diff_8_18,"{""a"": 8, ""b"": 18, ""kind"": ""diff""}",-0.013145332741037942,-0.01597329176933188,-0.014559312255184911,True
104,diff_8_14,"{""a"": 8, ""b"": 14, ""kind"": ""diff""}",-0.007191421383370894,-0.019083097660915028,-0.013137259522142961,True
105,diff_8_26,"{""a"": 8, ""b"": 26, ""kind"": ""diff""}",-0.008074004464310025,-0.019736029313374478,-0.013905016888842252,True
106,diff_6_3,"{""a"": 6, ""b"": 3, ""kind"": ""diff""}",0.013684879435062724,-0.013302398152245678,0.00019124064140852316,False
107,diff_6_20,"{""a"": 6, ""b"": 20, ""kind"": ""diff""}",0.0005629488071213507,-0.0019451315171745858,-0.0006910913550266175,False
108,diff_6_11,"{""a"": 6, ""b"": 11, ""kind"": ""diff""}",-0.04391538504592815,-0.05210054074252377,-0.04800796289422596,True
109,diff_6_5,"{""a"": 6, ""b"": 5, ""kind"": ""diff""}",0.012092284505567546,-0.01990226973405811,-0.0039049926142452817,False
110,diff_6_9,"{""a"": 6, ""b"": 9, ""kind"": ""diff""}",0.001526542119957332,-0.009940434811836745,-0.004206946345939707,False
111,diff_6_7,"{""a"": 6, ""b"": 7, ""kind"": ""diff""}",0.0021220328174280955,-0.013415109960359257,-0.005646538571465581,False
112,diff_6_18,"{""a"": 6, ""b"": 18, ""kind"": ""diff""}",-0.009940991908254733,-0.018727480818944806,-0.014334236363599769,True
113,diff_6_14,"{""a"": 6, ""b"": 14, ""kind"": ""diff""}",-0.0028250228541862646,-0.016555485253010756,-0.00969025405359851,True
114,diff_6_26,"{""a"": 6, ""b"": 26, ""kind"": ""diff""}",-0.002806166849384072,-0.015194787399582924,-0.009000477124483498,True
115,diff_3_20,"{""a"": 3, ""b"": 20, ""kind"": ""diff""}",-0.014730462832587308,0.013830486843633675,-0.00044998799447681665,False
116,diff_3_11,"{""a"": 3, ""b"": 11, ""kind"": ""diff""}",-0.05534023934123639,-0.04281415854173031,-0.04907719894148335,True
117,diff_3_5,"{""a"": 3, ""b"": 5, ""kind"": ""diff""}",-0.0011079374077715282,-0.0056263807576728995,-0.003367159082722214,False
118,diff_3_9,"{""a"": 3, ""b"": 9, ""kind"": ""diff""}",-0.012960115018471934,0.0048630675598510505,-0.004048523729310442,False
119,diff_3_7,"{""a"": 3, ""b"": 7, ""kind"": ""diff""}",-0.011418871359066987,0.0003624352702490138,-0.005528218044408987,False
120,diff_3_18,"{""a"": 3, ""b"": 18, ""kind"": ""diff""}",-0.016861257589532292,0.0031964832028148734,-0.00683238719335871,False
121,diff_3_14,"{""a"": 3, ""b"": 14, ""kind"": ""diff""}",-0.016081484196994244,-0.003272702710871528,-0.009677093453932886,True
122,diff_3_26,"{""a"": 3, ""b"": 26, ""kind"": ""diff""}",-0.019736973281428528,-0.003431729139136374,-0.01158435121028245,True
123,diff_20_11,"{""a"": 20, ""b"": 11, ""kind"": ""diff""}",-0.043703603974138444,-0.05157580987604973,-0.04763970692509409,True
124,diff_20_5,"{""a"": 20, ""b"": 5, ""kind"": ""diff""}",0.012109115220828902,-0.018435895328657324,-0.003163390053914211,False
125,diff_20_9,"{""a"": 20, ""b"": 9, ""kind"": ""diff""}",0.0015512779322796636,-0.01007991978548498,-0.004264320926602659,False
126,diff_20_7,"{""a"": 20, ""b"": 7, ""kind"": ""diff""}",0.0019041563324537804,-0.013358702762244587,-0.005727273214895403,False
127,diff_20_18,"{""a"": 20, ""b"": 18, ""kind"": ""diff""}",-0.0056234887618199164,-0.008721685254802552,-0.007172587008311235,True
128,diff_20_14,"{""a"": 20, ""b"": 14, ""kind"": ""diff""}",-0.0025299875758433496,-0.015298600298656527,-0.008914293937249938,True
129,diff_20_26,"{""a"": 20, ""b"": 26, ""kind"": ""diff""}",-0.00435879149360167,-0.019957798419722554,-0.012158294956662112,True
130,diff_11_5,"{""a"": 11, ""b"": 5, ""kind"": ""diff""}",0.06214958712727698,0.03941477317456549,0.05078218015092123,True
131,diff_11_9,"{""a"": 11, ""b"": 9, ""kind"": ""diff""}",0.04954618536610481,0.049151510077755436,0.04934884772193013,True
132,diff_11_7,"{""a"": 11, ""b"": 7, ""kind"": ""diff""}",0.04758883733809379,0.04366364390057459,0.045626240619334194,True
133,diff_11_18,"{""a"": 11, ""b"": 18, ""kind"": ""diff""}",0.039938535108720384,0.04485966804008711,0.04239910157440375,True
134,diff_11_14,"{""a"": 11, ""b"": 14, ""kind"": ""diff""}",0.05528336179429968,0.05180920606977129,0.053546283932035484,True
135,diff_11_26,"{""a"": 11, ""b"": 26, ""kind"": ""diff""}",0.04406360307713754,0.04214850233075468,0.04310605270394611,True
136,diff_5_9,"{""a"": 5, ""b"": 9, ""kind"": ""diff""}",-0.010743181157964746,0.010618979813049845,-6.210067245745066e-05,False
137,diff_5_7,"{""a"": 5, ""b"": 7, ""kind"": ""diff""}",-0.01023656528441115,0.006758899443256239,-0.001738832920577456,False
138,diff_5_18,"{""a"": 5, ""b"": 18, ""kind"": ""diff""}",-0.017120687573056924,0.010121482660280123,-0.0034996024563884003,False
139,diff_5_14,"{""a"": 5, ""b"": 14, ""kind"": ""diff""}",-0.015518751774871093,0.0031475237229743884,-0.006185614025948353,False
140,diff_5_26,"{""a"": 5, ""b"": 26, ""kind"": ""diff""}",-0.015461697647069653,0.0027708029251797724,-0.00634544736094494,False
141,diff_9_7,"{""a"": 9, ""b"": 7, ""kind"": ""diff""}",0.0006634452629656763,-0.0026426232011606803,-0.000989588969097502,False
142,diff_9_18,"{""a"": 9, ""b"": 18, ""kind"": ""diff""}",-0.006394180673211955,0.0005846467001747667,-0.0029047669865185943,False
143,diff_9_14,"{""a"": 9, ""b"": 14, ""kind"": ""diff""}",-0.005173908392466141,-0.008353679509280688,-0.0067637939508734144,True
144,diff_9_26,"{""a"": 9, ""b"": 26, ""kind"": ""diff""}",-0.007251102324237936,-0.010903106754589664,-0.0090771045394138,True
145,diff_7_18,"{""a"": 7, ""b"": 18, ""kind"": ""diff""}",-0.006982838644209871,0.00351665939512768,-0.0017330896245410956,False
146,diff_7_14,"{""a"": 7, ""b"": 14, ""kind"": ""diff""}",-0.004324205521676651,-0.0032917729278678877,-0.0038079892247722693,False
147,diff_7_26,"{""a"": 7, ""b"": 26, ""kind"": ""diff""}",-0.005173382760588084,-0.004292963428830002,-0.004733173094709043,False
148,diff_18_14,"{""a"": 18, ""b"": 14, ""kind"": ""diff""}",0.002180301139341366,-0.006903506448052895,-0.002361602654355765,False
149,diff_18_26,"{""a"": 18, ""b"": 26, ""kind"": ""diff""}",0.0016858839828449547,-0.006372387556151765,-0.002343251786653405,False
150,diff_14_26,"{""a"": 14, ""b"": 26, ""kind"": ""diff""}",-0.0008897728479464822,-0.00018552685004646433,-0.0005376498489964732,False
151,prod_1_0,"{""a"": 1, ""b"": 0, ""kind"": ""prod""}",0.03187983849711298,0.02767155347884423,0.029775695987978607,True
152,prod_1_2,"{""a"": 1, ""b"": 2, ""kind"": ""prod""}",0.025987864670562202,0.031573193259947105,0.028780528965254654,True
153,prod_1_10,"{""a"": 1, ""b"": 10, ""kind"": ""prod""}",0.033133135864875055,0.035626466498307315,0.03437980118159119,True
154,prod_1_4,"{""a"": 1, ""b"": 4, ""kind"": ""prod""}",0.021863559701807436,0.01825452783918073,0.020059043770494084,True
155,prod_1_8,"{""a"": 1, ""b"": 8, ""kind"": ""prod""}",0.023855140039811356,0.025932459649881886,0.02489379984484662,True
156,prod_1_6,"{""a"": 1, ""b"": 6, ""kind"": ""prod""}",0.02063438797040044,0.019214470629795137,0.019924429300097787,True
157,prod_1_3,"{""a"": 1, ""b"": 3, ""kind"": ""prod""}",0.02568103063957157,0.020867184272694263,0.02327410745613292,True
158,prod_1_20,"{""a"": 1, ""b"": 20, ""kind"": ""prod""}",0.02268302118138171,0.028235213373957922,0.025459117277669814,True
159,prod_1_11,"{""a"": 1, ""b"": 11, ""kind"": ""prod""}",-0.012424692829823765,-0.009450797981408488,-0.010937745405616126,True
160,prod_1_5,"{""a"": 1, ""b"": 5, ""kind"": ""prod""}",0.01731359179109673,0.0029555310421450205,0.010134561416620875,True
161,prod_1_9,"{""a"": 1, ""b"": 9, ""kind"": ""prod""}",0.021039020500987504,0.02442277683879483,0.022730898669891166,True
162,prod_1_7,"{""a"": 1, ""b"": 7, ""kind"": ""prod""}",0.01900004587157799,0.020182250230084676,0.019591148050831335,True
163,prod_1_18,"{""a"": 1, ""b"": 18, ""kind"": ""prod""}",0.011797634929844187,0.008771084431757828,0.010284359680801007,True
164,prod_1_14,"{""a"": 1, ""b"": 14, ""kind"": ""prod""}",0.02297267085507231,0.017553918362189013,0.02026329460863066,True
165,prod_1_26,"{""a"": 1, ""b"": 26, ""kind"": ""prod""}",0.01893990581203722,0.022421078206450652,0.020680492009243934,True
166,prod_0_2,"{""a"": 0, ""b"": 2, ""kind"": ""prod""}",-0.009228287102819338,-0.021565741643412597,-0.015397014373115967,True
167,prod_0_10,"{""a"": 0, ""b"": 10, ""kind"": ""prod""}",-0.037190350075798316,-0.03760940770500694,-0.037399878890402624,True
168,prod_0_4,"{""a"": 0, ""b"": 4, ""kind"": ""prod""}",-0.026115485148365113,-0.026655818482434073,-0.02638565181539959,True
169,prod_0_8,"{""a"": 0, ""b"": 8, ""kind"": ""prod""}",-0.020640575543348656,-0.02178893610611007,-0.021214755824729363,True
170,prod_0_6,"{""a"": 0, ""b"": 6, ""kind"": ""prod""}",-0.010918243881877841,-0.014604685355146923,-0.012761464618512382,True
171,prod_0_3,"{""a"": 0, ""b"": 3, ""kind"": ""prod""}",-0.024655037417025308,-0.0024982678500374256,-0.013576652633531366,True
172,prod_0_20,"{""a"": 0, ""b"": 20, ""kind"": ""prod""}",-0.029093565630711606,-0.02939470406603888,-0.029244134848375243,True
173,prod_0_11,"{""a"": 0, ""b"": 11, ""kind"": ""prod""}",0.016682824704636938,0.00874028117130017,0.012711552937968554,True
174,prod_0_5,"{""a"": 0, ""b"": 5, ""kind"": ""prod""}",-0.014688242123510815,0.0009560191768372262,-0.0068661114733367945,False
175,prod_0_9,"{""a"": 0, ""b"": 9, ""kind"": ""prod""}",-0.01623156062907926,-0.018540272855717403,-0.01738591674239833,True
176,prod_0_7,"{""a"": 0, ""b"": 7, ""kind"": ""prod""}",-0.01806359080558164,-0.019786143107193652,-0.018924866956387648,True
177,prod_0_18,"{""a"": 0, ""b"": 18, ""kind"": ""prod""}",-0.0034032520514476645,-0.010562283253444361,-0.006982767652446013,True
178,prod_0_14,"{""a"": 0, ""b"": 14, ""kind"": ""prod""}",-0.011084249429477559,-0.011950754922708856,-0.011517502176093208,True
179,prod_0_26,"{""a"": 0, ""b"": 26, ""kind"": ""prod""}",-0.022300033768265975,-0.019550835384946126,-0.02092543457660605,True
180,prod_2_10,"{""a"": 2, ""b"": 10, ""kind"": ""prod""}",-0.03438156871315396,-0.042450995891193034,-0.0384162823021735,True
181,prod_2_4,"{""a"": 2, ""b"": 4, ""kind"": ""prod""}",-0.02426186958948753,-0.0248161188814543,-0.024538994235470915,True
182,prod_2_8,"{""a"": 2, ""b"": 8, ""kind"": ""prod""}",-0.017916054546239665,-0.03408162715945464,-0.025998840852847153,True
183,prod_2_6,"{""a"": 2, ""b"": 6, ""kind"": ""prod""}",-0.008575593349241755,-0.02164692328090393,-0.015111258315072842,True
184,prod_2_3,"{""a"": 2, ""b"": 3, ""kind"": ""prod""}",-0.029693369586204468,-0.022943837374129337,-0.026318603480166902,True
185,prod_2_20,"{""a"": 2, ""b"": 20, ""kind"": ""prod""}",-0.030100983680097743,-0.040768389037850294,-0.03543468635897402,True
186,prod_2_11,"{""a"": 2, ""b"": 11, ""kind"": ""prod""}",0.010363512933348114,0.006921108161543903,0.008642310547446009,True
187,prod_2_5,"{""a"": 2, ""b"": 5, ""kind"": ""prod""}",-0.016956881394526686,-0.004027065690630346,-0.010491973542578515,True
188,prod_2_9,"{""a"": 2, ""b"": 9, ""kind"": ""prod""}",-0.02970036872599557,-0.03310603303683053,-0.03140320088141305,True
189,prod_2_7,"{""a"": 2, ""b"": 7, ""kind"": ""prod""}",-0.01675814429843057,-0.024650697422971463,-0.02070442086070102,True
190,prod_2_18,"{""a"": 2, ""b"": 18, ""kind"": ""prod""}",0.0005687455632653934,-0.008585197400807697,-0.004008225918771152,False
191,prod_2_14,"{""a"": 2, ""b"": 14, ""kind"": ""prod""}",-0.02057205320968689,-0.022189187406534683,-0.021380620308110786,True
192,prod_2_26,"{""a"": 2, ""b"": 26, ""kind"": ""prod""}",-0.034944116297465785,-0.032986781793054115,-0.03396544904525995,True
193,prod_10_4,"{""a"": 10, ""b"": 4, ""kind"": ""prod""}",-0.027548501291240708,-0.03132092082093388,-0.029434711056087293,True
194,prod_10_8,"{""a"": 10, ""b"": 8, ""kind"": ""prod""}",-0.031276835698819734,-0.04298583032184993,-0.03713133301033483,True
195,prod_10_6,"{""a"": 10, ""b"": 6, ""kind"": ""prod""}",-0.028852427145357955,-0.036154618481605526,-0.03250352281348174,True
196,prod_10_3,"{""a"": 10, ""b"": 3, ""kind"": ""prod""}",-0.03954767874155744,-0.03410660419069472,-0.03682714146612608,True
197,prod_10_20,"{""a"": 10, ""b"": 20, ""kind"": ""prod""}",-0.029076216823153114,-0.04143064422391152,-0.03525343052353232,True
198,prod_10_11,"{""a"": 10, ""b"": 11, ""kind"": ""prod""}",0.004872917413807553,0.016162309332310137,0.010517613373058846,True
199,prod_10_5,"{""a"": 10, ""b"": 5, ""kind"": ""prod""}",-0.025835112356512105,-0.00913564884109566,-0.017485380598803883,True
200,prod_10_9,"{""a"": 10, ""b"": 9, ""kind"": ""prod""}",-0.03270996268417823,-0.032017347064690865,-0.032363654874434544,True
201,prod_10_7,"{""a"": 10, ""b"": 7, ""kind"": ""prod""}",-0.01975843614665,-0.022857181345725713,-0.021307808746187856,True
202,prod_10_18,"{""a"": 10, ""b"": 18, ""kind"": ""prod""}",-0.016117185231960346,-0.017948684439544366,-0.017032934835752356,True
203,prod_10_14,"{""a"": 10, ""b"": 14, ""kind"": ""prod""}",-0.030449716651351114,-0.025200040120482138,-0.027824878385916626,True
204,prod_10_26,"{""a"": 10, ""b"": 26, ""kind"": ""prod""}",-0.029189432509302927,-0.02913173587451056,-0.029160584191906744,True
205,prod_4_8,"{""a"": 4, ""b"": 8, ""kind"": ""prod""}",-0.0217801343007017,-0.028687044627018446,-0.025233589463860073,True
206,prod_4_6,"{""a"": 4, ""b"": 6, ""kind"": ""prod""}",-0.0330981359754526,-0.041749002592997304,-0.03742356928422495,True
207,prod_4_3,"{""a"": 4, ""b"": 3, ""kind"": ""prod""}",-0.02919958937858986,-0.02464088990236058,-0.02692023964047522,True
208,prod_4_20,"{""a"": 4, ""b"": 20, ""kind"": ""prod""}",-0.01863582366803163,-0.022344260273280906,-0.020490041970656268,True
209,prod_4_11,"{""a"": 4, ""b"": 11, ""kind"": ""prod""}",0.0136215317451053,0.024486699036468947,0.01905411539078712,True
210,prod_4_5,"{""a"": 4, ""b"": 5, ""kind"": ""prod""}",-0.03458913078534768,-0.024198934372083727,-0.0293940325787157,True
211,prod_4_9,"{""a"": 4, ""b"": 9, ""kind"": ""prod""}",-0.021457567493307673,-0.012558742741353622,-0.01700815511733065,True
212,prod_4_7,"{""a"": 4, ""b"": 7, ""kind"": ""prod""}",-0.011990861859498199,-0.011602890346014545,-0.01179687610275637,True
213,prod_4_18,"{""a"": 4, ""b"": 18, ""kind"": ""prod""}",-0.03131425010286509,-0.037000042382205264,-0.03415714624253518,True
214,prod_4_14,"{""a"": 4, ""b"": 14, ""kind"": ""prod""}",-0.01623598084366033,-0.008772619365070622,-0.012504300104365476,True
215,prod_4_26,"{""a"": 4, ""b"": 26, ""kind"": ""prod""}",-0.01951846857616456,-0.010044420031096337,-0.014781444303630448,True
216,prod_8_6,"{""a"": 8, ""b"": 6, ""kind"": ""prod""}",-0.017541828116192513,-0.03169773748032583,-0.024619782798259174,True
217,prod_8_3,"{""a"": 8, ""b"": 3, ""kind"": ""prod""}",-0.03660178622494774,-0.02151773541550338,-0.029059760820225558,True
218,prod_8_20,"{""a"": 8, ""b"": 20, ""kind"": ""prod""}",-0.03201428106184873,-0.03874103449561605,-0.03537765777873239,True
219,prod_8_11,"{""a"": 8, ""b"": 11, ""kind"": ""prod""}",0.012389951379224487,0.018905480959224345,0.015647716169224415,True
220,prod_8_5,"{""a"": 8, ""b"": 5, ""kind"": ""prod""}",-0.013139921037255366,-0.00218057172167924,-0.007660246379467303,True
221,prod_8_9,"{""a"": 8, ""b"": 9, ""kind"": ""prod""}",-0.01936967768415772,-0.017055574675847743,-0.01821262618000273,True
222,prod_8_7,"{""a"": 8, ""b"": 7, ""kind"": ""prod""}",-0.024674303050206615,-0.026321518198219762,-0.025497910624213187,True
223,prod_8_18,"{""a"": 8, ""b"": 18, ""kind"": ""prod""}",-0.00652398336180868,-0.01696776961429197,-0.011745876488050325,True
224,prod_8_14,"{""a"": 8, ""b"": 14, ""kind"": ""prod""}",-0.00965326517836035,-0.010476872616704856,-0.010065068897532604,True
225,prod_8_26,"{""a"": 8, ""b"": 26, ""kind"": ""prod""}",-0.023541035808504404,-0.01735599530401221,-0.020448515556258307,True
226,prod_6_3,"{""a"": 6, ""b"": 3, ""kind"": ""prod""}",-0.03441486514780482,-0.018607533242958975,-0.026511199195381897,True
227,prod_6_20,"{""a"": 6, ""b"": 20, ""kind"": ""prod""}",-0.02681730871879378,-0.031092330763857565,-0.028954819741325674,True
228,prod_6_11,"{""a"": 6, ""b"": 11, ""kind"": ""prod""}",0.018293841927894874,0.022496050132016117,0.020394946029955494,True
229,prod_6_5,"{""a"": 6, ""b"": 5, ""kind"": ""prod""}",-0.023747347090968016,-0.01197584150500554,-0.01786159429798678,True
230,prod_6_9,"{""a"": 6, ""b"": 9, ""kind"": ""prod""}",-0.02361647522668556,-0.01607193360398317,-0.019844204415334365,True
231,prod_6_7,"{""a"": 6, ""b"": 7, ""kind"": ""prod""}",-0.015740462735595873,-0.016380034704487713,-0.016060248720041793,True
232,prod_6_18,"{""a"": 6, ""b"": 18, ""kind"": ""prod""}",-0.007936812990969943,-0.025434029999179365,-0.016685421495074654,True
233,prod_6_14,"{""a"": 6, ""b"": 14, ""kind"": ""prod""}",-0.01457357637551887,-0.009796538978529232,-0.01218505767702405,True
234,prod_6_26,"{""a"": 6, ""b"": 26, ""kind"": ""prod""}",-0.029356039672146624,-0.017115849397145815,-0.023235944534646218,True
235,prod_3_20,"{""a"": 3, ""b"": 20, ""kind"": ""prod""}",-0.027149689211410793,-0.020966056893746126,-0.02405787305257846,True
236,prod_3_11,"{""a"": 3, ""b"": 11, ""kind"": ""prod""}",0.005172800983429414,0.011077644004643263,0.008125222494036338,True
237,prod_3_5,"{""a"": 3, ""b"": 5, ""kind"": ""prod""}",-0.019171267645475817,-0.0006142210711480764,-0.009892744358311946,True
238,prod_3_9,"{""a"": 3, ""b"": 9, ""kind"": ""prod""}",-0.009010738877379942,-0.01018131701480147,-0.009596027946090706,True
239,prod_3_7,"{""a"": 3, ""b"": 7, ""kind"": ""prod""}",-0.01932758844032988,-0.013218369018975556,-0.016272978729652717,True
240,prod_3_18,"{""a"": 3, ""b"": 18, ""kind"": ""prod""}",-0.02598086310531525,-0.015179130056949966,-0.020579996581132607,True
241,prod_3_14,"{""a"": 3, ""b"": 14, ""kind"": ""prod""}",-0.013587122407297108,-0.011190473489239204,-0.012388797948268155,True
242,prod_3_26,"{""a"": 3, ""b"": 26, ""kind"": ""prod""}",-0.00589966046595645,-0.009100191336205831,-0.00749992590108114,True
243,prod_20_11,"{""a"": 20, ""b"": 11, ""kind"": ""prod""}",0.0013405555390900862,0.013741839060855547,0.007541197299972817,True
244,prod_20_5,"{""a"": 20, ""b"": 5, ""kind"": ""prod""}",-0.012415272152693422,-0.0008360231169135124,-0.006625647634803467,True
245,prod_20_9,"{""a"": 20, ""b"": 9, ""kind"": ""prod""}",-0.014073272755348209,-0.016867938986833152,-0.01547060587109068,True
246,prod_20_7,"{""a"": 20, ""b"": 7, ""kind"": ""prod""}",-0.023609504904503864,-0.026058970909800992,-0.024834237907152428,True
247,prod_20_18,"{""a"": 20, ""b"": 18, ""kind"": ""prod""}",-0.016285781543180524,-0.01665174781510093,-0.016468764679140727,True
248,prod_20_14,"{""a"": 20, ""b"": 14, ""kind"": ""prod""}",-0.011940481626159582,-0.011579544604231816,-0.0117600131151957,True
249,prod_20_26,"{""a"": 20, ""b"": 26, ""kind"": ""prod""}",-0.0114970636740892,-0.012577429178370183,-0.012037246426229692,True
250,prod_11_5,"{""a"": 11, ""b"": 5, ""kind"": ""prod""}",0.01294870177661753,0.01283662241957325,0.01289266209809539,True
251,prod_11_9,"{""a"": 11, ""b"": 9, ""kind"": ""prod""}",-0.008942635972791683,-0.00012984513772015924,-0.0045362405552559215,False
252,prod_11_7,"{""a"": 11, ""b"": 7, ""kind"": ""prod""}",0.02504754700698654,0.015850879009818176,0.020449213008402356,True
253,prod_11_18,"{""a"": 11, ""b"": 18, ""kind"": ""prod""}",0.018158242301143733,0.020274611807127387,0.01921642705413556,True
254,prod_11_14,"{""a"": 11, ""b"": 14, ""kind"": ""prod""}",-0.00516170573453879,-0.005553768386235706,-0.005357737060387249,True
255,prod_11_26,"{""a"": 11, ""b"": 26, ""kind"": ""prod""}",-0.013260224574632353,-0.0012523837005233,-0.007256304137577827,True
256,prod_5_9,"{""a"": 5, ""b"": 9, ""kind"": ""prod""}",-0.012407653296897284,-0.002416239430826433,-0.007411946363861858,True
257,prod_5_7,"{""a"": 5, ""b"": 7, ""kind"": ""prod""}",0.006838044549728453,0.008033477554609706,0.007435761052169079,True
258,prod_5_18,"{""a"": 5, ""b"": 18, ""kind"": ""prod""}",-0.030031107671638205,-0.022569021800644178,-0.02630006473614119,True
259,prod_5_14,"{""a"": 5, ""b"": 14, ""kind"": ""prod""}",-0.006855566502894106,0.004147915040637913,-0.0013538257311280968,False
260,prod_5_26,"{""a"": 5, ""b"": 26, ""kind"": ""prod""}",-0.012813779727730982,-0.005075970512924935,-0.008944875120327959,True
261,prod_9_7,"{""a"": 9, ""b"": 7, ""kind"": ""prod""}",-0.002288415440298534,-0.00634257049704391,-0.004315492968671222,False
262,prod_9_18,"{""a"": 9, ""b"": 18, ""kind"": ""prod""}",-0.016154994062607272,-0.007111473395554255,-0.011633233729080764,True
263,prod_9_14,"{""a"": 9, ""b"": 14, ""kind"": ""prod""}",-0.023293798043406352,-0.022255814046160845,-0.0227748060447836,True
264,prod_9_26,"{""a"": 9, ""b"": 26, ""kind"": ""prod""}",-0.017654498849733014,-0.022582156829418654,-0.020118327839575834,True
265,prod_7_18,"{""a"": 7, ""b"": 18, ""kind"": ""prod""}",-0.006504755286405934,-0.005830246148583064,-0.006167500717494499,True
266,prod_7_14,"{""a"": 7, ""b"": 14, ""kind"": ""prod""}",0.012968203883951828,0.0025419708098685535,0.007755087346910191,True
267,prod_7_26,"{""a"": 7, ""b"": 26, ""kind"": ""prod""}",-0.0040277774681754305,-0.006575601253341299,-0.005301689360758364,True
268,prod_18_14,"{""a"": 18, ""b"": 14, ""kind"": ""prod""}",-0.011151816614525682,-0.003903319720886034,-0.007527568167705858,True
269,prod_18_26,"{""a"": 18, ""b"": 26, ""kind"": ""prod""}",-0.0203596889758875,-0.00789998066273618,-0.01412983481931184,True
270,prod_14_26,"{""a"": 14, ""b"": 26, ""kind"": ""prod""}",-0.022537727788143277,-0.019797549515196532,-0.021167638651669905,True
271,concept_1_cat0,"{""cat"": 0, ""col"": 1, ""kind"": ""concept""}",0.06152270789242952,0.06409129127747684,0.06280699958495319,True
272,concept_1_cat1,"{""cat"": 1, ""col"": 1, ""kind"": ""concept""}",0.06152270789242952,0.06409129127747684,0.06280699958495319,True
273,concept_1_cat2,"{""cat"": 2, ""col"": 1, ""kind"": ""concept""}",0.061238383780858115,0.06402074036551005,0.06262956207318408,True
274,concept_1_cat3,"{""cat"": 3, ""col"": 1, ""kind"": ""concept""}",0.061559869404984195,0.06419030847810693,0.06287508894154556,True
275,concept_1_cat4,"{""cat"": 4, ""col"": 1, ""kind"": ""concept""}",0.06152070470796271,0.06426186320199176,0.06289128395497723,True
276,concept_1_cat5,"{""cat"": 5, ""col"": 1, ""kind"": ""concept""}",0.06152270789242952,0.06409129127747684,0.06280699958495319,True
277,concept_1_cat6,"{""cat"": 6, ""col"": 1, ""kind"": ""concept""}",0.05808840156455871,0.06081784550285795,0.05945312353370833,True
278,concept_1_cat7,"{""cat"": 7, ""col"": 1, ""kind"": ""concept""}",0.061433329278039205,0.06408745692122253,0.06276039309963087,True
279,concept_1_cat8,"{""cat"": 8, ""col"": 1, ""kind"": ""concept""}",0.0611361206077915,0.06434968459352451,0.06274290260065801,True
280,concept_0_cat0,"{""cat"": 0, ""col"": 0, ""kind"": ""concept""}",-0.05749601794143947,-0.05778941766221956,-0.057642717801829516,True
281,concept_0_cat1,"{""cat"": 1, ""col"": 0, ""kind"": ""concept""}",-0.05749601794143947,-0.05778941766221956,-0.057642717801829516,True
282,concept_0_cat2,"{""cat"": 2, ""col"": 0, ""kind"": ""concept""}",-0.0608990800889418,-0.05956711242891339,-0.060233096258927595,True
283,concept_0_cat3,"{""cat"": 3, ""col"": 0, ""kind"": ""concept""}",-0.05722495860048246,-0.05822304965562543,-0.057724004128053945,True
284,concept_0_cat4,"{""cat"": 4, ""col"": 0, ""kind"": ""concept""}",-0.06911690886502966,-0.06710181476805833,-0.068109361816544,True
285,concept_0_cat5,"{""cat"": 5, ""col"": 0, ""kind"": ""concept""}",-0.05749601794143947,-0.05778941766221956,-0.057642717801829516,True
286,concept_0_cat6,"{""cat"": 6, ""col"": 0, ""kind"": ""concept""}",-0.05495626732305824,-0.06001419960478164,-0.05748523346391994,True
287,concept_0_cat7,"{""cat"": 7, ""col"": 0, ""kind"": ""concept""}",-0.058426651925639596,-0.05770256511334074,-0.05806460851949016,True
288,concept_0_cat8,"{""cat"": 8, ""col"": 0, ""kind"": ""concept""}",-0.056285990889221496,-0.05596993688480738,-0.05612796388701444,True
289,concept_2_cat0,"{""cat"": 0, ""col"": 2, ""kind"": ""concept""}",-0.04371779753245401,-0.06580930377945866,-0.05476355065595634,True
290,concept_2_cat1,"{""cat"": 1, ""col"": 2, ""kind"": ""concept""}",-0.04371779753245401,-0.06580930377945866,-0.05476355065595634,True
291,concept_2_cat2,"{""cat"": 2, ""col"": 2, ""kind"": ""concept""}",-0.047170644275789986,-0.06741115549053368,-0.057290899883161835,True
292,concept_2_cat3,"{""cat"": 3, ""col"": 2, ""kind"": ""concept""}",-0.04281895094826658,-0.06622129015080376,-0.05452012054953517,True
293,concept_2_cat4,"{""cat"": 4, ""col"": 2, ""kind"": ""concept""}",-0.05199008061740637,-0.07103652820764639,-0.06151330441252638,True
294,concept_2_cat5,"{""cat"": 5, ""col"": 2, ""kind"": ""concept""}",-0.04371779753245401,-0.06580930377945866,-0.05476355065595634,True
295,concept_2_cat6,"{""cat"": 6, ""col"": 2, ""kind"": ""concept""}",-0.042148774094835896,-0.06323180042985295,-0.052690287262344426,True
296,concept_2_cat7,"{""cat"": 7, ""col"": 2, ""kind"": ""concept""}",-0.04464707558152909,-0.06583908361733318,-0.05524307959943113,True
297,concept_2_cat8,"{""cat"": 8, ""col"": 2, ""kind"": ""concept""}",-0.043822422943173386,-0.0675225196782401,-0.055672471310706746,True
298,concept_10_cat0,"{""cat"": 0, ""col"": 10, ""kind"": ""concept""}",-0.03787456453858543,-0.06734057924002913,-0.052607571889307286,True
299,concept_10_cat1,"{""cat"": 1, ""col"": 10, ""kind"": ""concept""}",-0.03787456453858543,-0.06734057924002913,-0.052607571889307286,True
300,concept_10_cat2,"{""cat"": 2, ""col"": 10, ""kind"": ""concept""}",-0.03689328524233063,-0.06715985600395633,-0.052026570623143475,True
301,concept_10_cat3,"{""cat"": 3, ""col"": 10, ""kind"": ""concept""}",-0.0378600511332847,-0.06756719725764875,-0.05271362419546673,True
302,concept_10_cat4,"{""cat"": 4, ""col"": 10, ""kind"": ""concept""}",-0.03545942333273135,-0.06520416534579693,-0.050331794339264144,True
303,concept_10_cat5,"{""cat"": 5, ""col"": 10, ""kind"": ""concept""}",-0.03787456453858543,-0.06734057924002913,-0.052607571889307286,True
304,concept_10_cat6,"{""cat"": 6, ""col"": 10, ""kind"": ""concept""}",-0.03710361974963859,-0.06301357003523063,-0.05005859489243461,True
305,concept_10_cat7,"{""cat"": 7, ""col"": 10, ""kind"": ""concept""}",-0.037633273035758585,-0.06743879832564843,-0.05253603568070351,True
306,concept_10_cat8,"{""cat"": 8, ""col"": 10, ""kind"": ""concept""}",-0.037926537369290324,-0.06756382200378029,-0.052745179686535304,True
307,concept_4_cat0,"{""cat"": 0, ""col"": 4, ""kind"": ""concept""}",-0.0462448927000176,-0.055573836749715985,-0.05090936472486679,True
308,concept_4_cat1,"{""cat"": 1, ""col"": 4, ""kind"": ""concept""}",-0.0462448927000176,-0.055573836749715985,-0.05090936472486679,True
309,concept_4_cat2,"{""cat"": 2, ""col"": 4, ""kind"": ""concept""}",-0.045411618963182215,-0.05531595669182336,-0.05036378782750279,True
310,concept_4_cat3,"{""cat"": 3, ""col"": 4, ""kind"": ""concept""}",-0.04601949968486135,-0.05581910697153508,-0.05091930332819822,True
311,concept_4_cat4,"{""cat"": 4, ""col"": 4, ""kind"": ""concept""}",-0.04395268635110241,-0.053310147156690676,-0.04863141675389654,True
312,concept_4_cat5,"{""cat"": 5, ""col"": 4, ""kind"": ""concept""}",-0.0462448927000176,-0.055573836749715985,-0.05090936472486679,True
313,concept_4_cat6,"{""cat"": 6, ""col"": 4, ""kind"": ""concept""}",-0.044042162185179756,-0.05277456255419255,-0.04840836236968615,True
314,concept_4_cat7,"{""cat"": 7, ""col"": 4, ""kind"": ""concept""}",-0.04607367064477475,-0.05559792455961072,-0.050835797602192735,True
315,concept_4_cat8,"{""cat"": 8, ""col"": 4, ""kind"": ""concept""}",-0.04554823134670866,-0.055533933437594336,-0.0505410823921515,True
316,concept_8_cat0,"{""cat"": 0, ""col"": 8, ""kind"": ""concept""}",-0.03811995246707521,-0.05128430320074001,-0.04470212783390761,True
317,concept_8_cat1,"{""cat"": 1, ""col"": 8, ""kind"": ""concept""}",-0.03811995246707521,-0.05128430320074001,-0.04470212783390761,True
318,concept_8_cat2,"{""cat"": 2, ""col"": 8, ""kind"": ""concept""}",-0.03861511151907457,-0.05159207984148754,-0.04510359568028105,True
319,concept_8_cat3,"{""cat"": 3, ""col"": 8, ""kind"": ""concept""}",-0.03760419206201602,-0.05158526669815462,-0.044594729380085324,True
320,concept_8_cat4,"{""cat"": 4, ""col"": 8, ""kind"": ""concept""}",-0.038281438044458174,-0.05057263264777858,-0.044427035346118374,True
321,concept_8_cat5,"{""cat"": 5, ""col"": 8, ""kind"": ""concept""}",-0.03811995246707521,-0.05128430320074001,-0.04470212783390761,True
322,concept_8_cat6,"{""cat"": 6, ""col"": 8, ""kind"": ""concept""}",-0.03735926615852849,-0.04992785688021997,-0.043643561519374235,True
323,concept_8_cat7,"{""cat"": 7, ""col"": 8, ""kind"": ""concept""}",-0.03817237888254265,-0.05123220563258108,-0.044702292257561865,True
324,concept_8_cat8,"{""cat"": 8, ""col"": 8, ""kind"": ""concept""}",-0.0374593857666618,-0.05113196959690286,-0.04429567768178233,True
325,concept_6_cat0,"{""cat"": 0, ""col"": 6, ""kind"": ""concept""}",-0.03227983647020868,-0.048395933970192755,-0.040337885220200716,True
326,concept_6_cat1,"{""cat"": 1, ""col"": 6, ""kind"": ""concept""}",-0.03227983647020868,-0.048395933970192755,-0.040337885220200716,True
327,concept_6_cat2,"{""cat"": 2, ""col"": 6, ""kind"": ""concept""}",-0.03432104836019562,-0.04985895455554525,-0.04209000145787044,True
328,concept_6_cat3,"{""cat"": 3, ""col"": 6, ""kind"": ""concept""}",-0.0318946132213683,-0.04879958180643195,-0.04034709751390013,True
329,concept_6_cat4,"{""cat"": 4, ""col"": 6, ""kind"": ""concept""}",-0.03459410336328288,-0.049417670952105225,-0.04200588715769405,True
330,concept_6_cat5,"{""cat"": 5, ""col"": 6, ""kind"": ""concept""}",-0.03227983647020868,-0.048395933970192755,-0.040337885220200716,True
331,concept_6_cat6,"{""cat"": 6, ""col"": 6, ""kind"": ""concept""}",-0.030526730767395947,-0.04606327513913315,-0.038295002953264545,True
332,concept_6_cat7,"{""cat"": 7, ""col"": 6, ""kind"": ""concept""}",-0.03266587610779834,-0.048271788049782265,-0.040468832078790304,True
333,concept_6_cat8,"{""cat"": 8, ""col"": 6, ""kind"": ""concept""}",-0.03164229836202547,-0.047701476591801836,-0.03967188747691365,True
334,concept_3_cat0,"{""cat"": 0, ""col"": 3, ""kind"": ""concept""}",-0.04899547099416598,-0.031136676989540327,-0.04006607399185315,True
335,concept_3_cat1,"{""cat"": 1, ""col"": 3, ""kind"": ""concept""}",-0.04899547099416598,-0.031136676989540327,-0.04006607399185315,True
336,concept_3_cat2,"{""cat"": 2, ""col"": 3, ""kind"": ""concept""}",-0.048294020240686374,-0.03105080065909372,-0.03967241044989005,True
337,concept_3_cat3,"{""cat"": 3, ""col"": 3, ""kind"": ""concept""}",-0.04901890843243792,-0.031213727889763076,-0.0401163181611005,True
338,concept_3_cat4,"{""cat"": 4, ""col"": 3, ""kind"": ""concept""}",-0.04812701087368813,-0.03187512398860051,-0.040001067431144316,True
339,concept_3_cat5,"{""cat"": 5, ""col"": 3, ""kind"": ""concept""}",-0.04899547099416598,-0.031136676989540327,-0.04006607399185315,True
340,concept_3_cat6,"{""cat"": 6, ""col"": 3, ""kind"": ""concept""}",-0.04591576056180301,-0.03417008256200732,-0.04004292156190516,True
341,concept_3_cat7,"{""cat"": 7, ""col"": 3, ""kind"": ""concept""}",-0.04870940395353157,-0.031062319103990953,-0.039885861528761266,True
342,concept_3_cat8,"{""cat"": 8, ""col"": 3, ""kind"": ""concept""}",-0.04748772575474129,-0.031575517737754105,-0.0395316217462477,True
343,concept_20_cat0,"{""cat"": 0, ""col"": 20, ""kind"": ""concept""}",-0.03216332379567384,-0.04608199369453587,-0.03912265874510486,True
344,concept_20_cat1,"{""cat"": 1, ""col"": 20, ""kind"": ""concept""}",-0.03216332379567384,-0.04608199369453587,-0.03912265874510486,True
345,concept_20_cat2,"{""cat"": 2, ""col"": 20, ""kind"": ""concept""}",-0.03130577499200674,-0.04578049503901872,-0.038543135015512736,True
346,concept_20_cat3,"{""cat"": 3, ""col"": 20, ""kind"": ""concept""}",-0.03201828929567393,-0.04619810379822217,-0.039108196546948054,True
347,concept_20_cat4,"{""cat"": 4, ""col"": 20, ""kind"": ""concept""}",-0.029275470499892507,-0.04377823624462585,-0.03652685337225918,True
348,concept_20_cat5,"{""cat"": 5, ""col"": 20, ""kind"": ""concept""}",-0.03216332379567384,-0.04608199369453587,-0.03912265874510486,True
349,concept_20_cat6,"{""cat"": 6, ""col"": 20, ""kind"": ""concept""}",-0.03038928642319131,-0.0448417116934003,-0.03761549905829581,True
350,concept_20_cat7,"{""cat"": 7, ""col"": 20, ""kind"": ""concept""}",-0.031826747316297095,-0.046152974882155966,-0.03898986109922653,True
351,concept_20_cat8,"{""cat"": 8, ""col"": 20, ""kind"": ""concept""}",-0.031253834025634,-0.04669266180755978,-0.03897324791659689,True
352,concept_11_cat0,"{""cat"": 0, ""col"": 11, ""kind"": ""concept""}",0.03609274898557192,0.03393293554776218,0.03501284226666705,True
353,concept_11_cat1,"{""cat"": 1, ""col"": 11, ""kind"": ""concept""}",0.03609274898557192,0.03393293554776218,0.03501284226666705,True
354,concept_11_cat2,"{""cat"": 2, ""col"": 11, ""kind"": ""concept""}",0.035119301246119033,0.03383014026021054,0.03447472075316479,True
355,concept_11_cat3,"{""cat"": 3, ""col"": 11, ""kind"": ""concept""}",0.03577483675748517,0.03392668385781333,0.03485076030764925,True
356,concept_11_cat4,"{""cat"": 4, ""col"": 11, ""kind"": ""concept""}",0.03403024078591314,0.03294791858086872,0.03348907968339093,True
357,concept_11_cat5,"{""cat"": 5, ""col"": 11, ""kind"": ""concept""}",0.03609274898557192,0.03393293554776218,0.03501284226666705,True
358,concept_11_cat6,"{""cat"": 6, ""col"": 11, ""kind"": ""concept""}",0.030433076805794903,0.032987754007225235,0.03171041540651007,True
359,concept_11_cat7,"{""cat"": 7, ""col"": 11, ""kind"": ""concept""}",0.03584622882741726,0.034032804996236815,0.034939516911827034,True
360,concept_11_cat8,"{""cat"": 8, ""col"": 11, ""kind"": ""concept""}",0.03442464751194286,0.03309912586660669,0.033761886689274774,True
361,concept_5_cat0,"{""cat"": 0, ""col"": 5, ""kind"": ""concept""}",-0.047276757077111535,-0.02261733868678473,-0.034947047881948134,True
362,concept_5_cat1,"{""cat"": 1, ""col"": 5, ""kind"": ""concept""}",-0.047276757077111535,-0.02261733868678473,-0.034947047881948134,True
363,concept_5_cat2,"{""cat"": 2, ""col"": 5, ""kind"": ""concept""}",-0.04747127487549908,-0.022414818312732024,-0.034943046594115554,True
364,concept_5_cat3,"{""cat"": 3, ""col"": 5, ""kind"": ""concept""}",-0.04711204322049044,-0.022746538783713192,-0.03492929100210181,True
365,concept_5_cat4,"{""cat"": 4, ""col"": 5, ""kind"": ""concept""}",-0.04757305206397244,-0.022564350833953715,-0.03506870144896308,True
366,concept_5_cat5,"{""cat"": 5, ""col"": 5, ""kind"": ""concept""}",-0.047276757077111535,-0.02261733868678473,-0.034947047881948134,True
367,concept_5_cat6,"{""cat"": 6, ""col"": 5, ""kind"": ""concept""}",-0.04575813786647907,-0.023792376440705608,-0.03477525715359234,True
368,concept_5_cat7,"{""cat"": 7, ""col"": 5, ""kind"": ""concept""}",-0.04718752735990648,-0.022421482479988035,-0.03480450491994726,True
369,concept_5_cat8,"{""cat"": 8, ""col"": 5, ""kind"": ""concept""}",-0.046594275004150726,-0.02264505588752975,-0.034619665445840234,True
370,concept_9_cat0,"{""cat"": 0, ""col"": 9, ""kind"": ""concept""}",-0.03416521595997074,-0.03505290429193693,-0.034609060125953835,True
371,concept_9_cat1,"{""cat"": 1, ""col"": 9, ""kind"": ""concept""}",-0.03416521595997074,-0.03505290429193693,-0.034609060125953835,True
372,concept_9_cat2,"{""cat"": 2, ""col"": 9, ""kind"": ""concept""}",-0.033636404518351495,-0.03479892211497334,-0.034217663316662414,True
373,concept_9_cat3,"{""cat"": 3, ""col"": 9, ""kind"": ""concept""}",-0.03399653098219512,-0.035151402602594514,-0.034573966792394814,True
374,concept_9_cat4,"{""cat"": 4, ""col"": 9, ""kind"": ""concept""}",-0.032823842484392615,-0.033775753650781816,-0.03329979806758722,True
375,concept_9_cat5,"{""cat"": 5, ""col"": 9, ""kind"": ""concept""}",-0.03416521595997074,-0.03505290429193693,-0.034609060125953835,True
376,concept_9_cat6,"{""cat"": 6, ""col"": 9, ""kind"": ""concept""}",-0.0325991370881103,-0.036194848019139726,-0.03439699255362501,True
377,concept_9_cat7,"{""cat"": 7, ""col"": 9, ""kind"": ""concept""}",-0.03415042993207505,-0.03500987587237681,-0.034580152902225936,True
378,concept_9_cat8,"{""cat"": 8, ""col"": 9, ""kind"": ""concept""}",-0.03319998295870577,-0.0358281546153624,-0.034514068787034086,True
379,concept_7_cat0,"{""cat"": 0, ""col"": 7, ""kind"": ""concept""}",-0.03482328017928135,-0.031299949078929946,-0.033061614629105646,True
380,concept_7_cat1,"{""cat"": 1, ""col"": 7, ""kind"": ""concept""}",-0.03482328017928135,-0.031299949078929946,-0.033061614629105646,True
381,concept_7_cat2,"{""cat"": 2, ""col"": 7, ""kind"": ""concept""}",-0.0346716153210013,-0.031218623489379458,-0.032945119405190376,True
382,concept_7_cat3,"{""cat"": 3, ""col"": 7, ""kind"": ""concept""}",-0.03468388170180361,-0.03158061644710079,-0.0331322490744522,True
383,concept_7_cat4,"{""cat"": 4, ""col"": 7, ""kind"": ""concept""}",-0.035355358804464415,-0.03140689675540779,-0.0333811277799361,True
384,concept_7_cat5,"{""cat"": 5, ""col"": 7, ""kind"": ""concept""}",-0.03482328017928135,-0.031299949078929946,-0.033061614629105646,True
385,concept_7_cat6,"{""cat"": 6, ""col"": 7, ""kind"": ""concept""}",-0.033534990888807036,-0.030717407550211205,-0.03212619921950912,True
386,concept_7_cat7,"{""cat"": 7, ""col"": 7, ""kind"": ""concept""}",-0.03482979209497623,-0.031249027322088112,-0.03303940970853217,True
387,concept_7_cat8,"{""cat"": 8, ""col"": 7, ""kind"": ""concept""}",-0.033785715198543946,-0.03201749447268493,-0.03290160483561444,True
388,concept_18_cat0,"{""cat"": 0, ""col"": 18, ""kind"": ""concept""}",-0.02574947792987187,-0.03599126085604346,-0.030870369392957668,True
389,concept_18_cat1,"{""cat"": 1, ""col"": 18, ""kind"": ""concept""}",-0.02574947792987187,-0.03599126085604346,-0.030870369392957668,True
390,concept_18_cat2,"{""cat"": 2, ""col"": 18, ""kind"": ""concept""}",-0.02716694660340237,-0.036874814060310936,-0.032020880331856655,True
391,concept_18_cat3,"{""cat"": 3, ""col"": 18, ""kind"": ""concept""}",-0.025450676223431744,-0.03640023841027362,-0.030925457316852683,True
392,concept_18_cat4,"{""cat"": 4, ""col"": 18, ""kind"": ""concept""}",-0.027323686829583596,-0.03561641846246946,-0.03147005264602653,True
393,concept_18_cat5,"{""cat"": 5, ""col"": 18, ""kind"": ""concept""}",-0.02574947792987187,-0.03599126085604346,-0.030870369392957668,True
394,concept_18_cat6,"{""cat"": 6, ""col"": 18, ""kind"": ""concept""}",-0.024067512981487193,-0.033148711748457446,-0.02860811236497232,True
395,concept_18_cat7,"{""cat"": 7, ""col"": 18, ""kind"": ""concept""}",-0.026037019935460964,-0.03588237946827128,-0.03095969970186612,True
396,concept_18_cat8,"{""cat"": 8, ""col"": 18, ""kind"": ""concept""}",-0.025856791553467658,-0.036054231291218014,-0.030955511422342836,True
397,concept_14_cat0,"{""cat"": 0, ""col"": 14, ""kind"": ""concept""}",-0.028480087689792596,-0.026223133591744337,-0.027351610640768464,True
398,concept_14_cat1,"{""cat"": 1, ""col"": 14, ""kind"": ""concept""}",-0.028480087689792596,-0.026223133591744337,-0.027351610640768464,True
399,concept_14_cat2,"{""cat"": 2, ""col"": 14, ""kind"": ""concept""}",-0.02869237225889694,-0.025960229809571626,-0.027326301034234283,True
400,concept_14_cat3,"{""cat"": 3, ""col"": 14, ""kind"": ""concept""}",-0.028465210091710755,-0.026449087139373818,-0.027457148615542284,True
401,concept_14_cat4,"{""cat"": 4, ""col"": 14, ""kind"": ""concept""}",-0.029058543203414347,-0.02542421226714928,-0.027241377735281812,True
402,concept_14_cat5,"{""cat"": 5, ""col"": 14, ""kind"": ""concept""}",-0.028480087689792596,-0.026223133591744337,-0.027351610640768464,True
403,concept_14_cat6,"{""cat"": 6, ""col"": 14, ""kind"": ""concept""}",-0.029401134396912044,-0.027782081052677158,-0.0285916077247946,True
404,concept_14_cat7,"{""cat"": 7, ""col"": 14, ""kind"": ""concept""}",-0.028657334739144127,-0.026115359530090757,-0.02738634713461744,True
405,concept_14_cat8,"{""cat"": 8, ""col"": 14, ""kind"": ""concept""}",-0.029125972934254014,-0.02695285354857838,-0.0280394132414162,True
406,concept_26_cat0,"{""cat"": 0, ""col"": 26, ""kind"": ""concept""}",-0.027856694983875,-0.02603723584215742,-0.026946965413016208,True
407,concept_26_cat1,"{""cat"": 1, ""col"": 26, ""kind"": ""concept""}",-0.027856694983875,-0.02603723584215742,-0.026946965413016208,True
408,concept_26_cat2,"{""cat"": 2, ""col"": 26, ""kind"": ""concept""}",-0.026523223948704665,-0.02563625853291081,-0.02607974124080774,True
409,concept_26_cat3,"{""cat"": 3, ""col"": 26, ""kind"": ""concept""}",-0.028106956532142756,-0.026090067323172653,-0.027098511927657706,True
410,concept_26_cat4,"{""cat"": 4, ""col"": 26, ""kind"": ""concept""}",-0.0246281147024658,-0.024170959094267152,-0.024399536898366478,True
411,concept_26_cat5,"{""cat"": 5, ""col"": 26, ""kind"": ""concept""}",-0.027856694983875,-0.02603723584215742,-0.026946965413016208,True
412,concept_26_cat6,"{""cat"": 6, ""col"": 26, ""kind"": ""concept""}",-0.026475172598797895,-0.027349001376352343,-0.02691208698757512,True
413,concept_26_cat7,"{""cat"": 7, ""col"": 26, ""kind"": ""concept""}",-0.02756666926979551,-0.02604909432565835,-0.026807881797726932,True
414,concept_26_cat8,"{""cat"": 8, ""col"": 26, ""kind"": ""concept""}",-0.026517662364208532,-0.026819531627866062,-0.026668596996037297,True
415,absdev_1,"{""col"": 1, ""kind"": ""absdev""}",-0.01612946260044353,-0.02055347889179457,-0.018341470746119047,True
416,absdev_0,"{""col"": 0, ""kind"": ""absdev""}",-0.004764139699123405,0.0032679932112224994,-0.0007480732439504526,False
417,absdev_2,"{""col"": 2, ""kind"": ""absdev""}",-0.014522718813191157,-0.026310842209446784,-0.02041678051131897,True
418,absdev_10,"{""col"": 10, ""kind"": ""absdev""}",-0.031015430297545093,-0.04496900318264346,-0.03799221674009428,True
419,absdev_4,"{""col"": 4, ""kind"": ""absdev""}",-0.03161485077347089,-0.041576791540882355,-0.03659582115717662,True
420,absdev_8,"{""col"": 8, ""kind"": ""absdev""}",-0.022692909673002054,-0.036566880850426725,-0.02962989526171439,True
421,absdev_6,"{""col"": 6, ""kind"": ""absdev""}",-0.009454336878514422,-0.03143103332752,-0.02044268510301721,True
422,absdev_3,"{""col"": 3, ""kind"": ""absdev""}",-0.02794727711724839,-0.014871531260379092,-0.021409404188813742,True
423,absdev_20,"{""col"": 20, ""kind"": ""absdev""}",-0.019977331571401486,-0.02910890920777133,-0.024543120389586406,True
424,absdev_11,"{""col"": 11, ""kind"": ""absdev""}",-0.02840674772973341,-0.042207340359732184,-0.0353070440447328,True
425,absdev_5,"{""col"": 5, ""kind"": ""absdev""}",-0.02704061122463685,-0.026322319193071753,-0.026681465208854303,True
426,absdev_9,"{""col"": 9, ""kind"": ""absdev""}",-0.014497016730992348,-0.019124843120846127,-0.01681092992591924,True
427,absdev_7,"{""col"": 7, ""kind"": ""absdev""}",-0.023199827490568817,-0.028798509108137617,-0.02599916829935322,True
428,absdev_18,"{""col"": 18, ""kind"": ""absdev""}",-0.011954236549597968,-0.03198049527284368,-0.021967365911220824,True
429,absdev_14,"{""col"": 14, ""kind"": ""absdev""}",-0.02990385040282205,-0.032878480178639966,-0.03139116529073101,True
430,absdev_26,"{""col"": 26, ""kind"": ""absdev""}",-0.007124136548822319,-0.015039009470989911,-0.011081573009906115,True
