trial,learning_rate,num_leaves,min_data_in_leaf,feature_fraction,bagging_fraction,lambda_l1,lambda_l2,max_bin,time_points,mean_rank_ic,std_rank_ic,icir,min_rank_ic,max_rank_ic,best_iteration
29,0.022869460463531655,79,147,0.8093603740425863,0.6477639824328912,2.3572444673780075,0.2387048437225203,127,244,0.1181912144349363,0.08707344108851306,1.3573738783883709,-0.19120965814009086,0.3869375108398608,1558
28,0.022711647553123392,111,143,0.7777560133732679,0.6353676722744925,3.4803223775871066,0.1853359811806142,127,244,0.11771530651306254,0.09033258077601178,1.303132330570172,-0.19975810118453313,0.3751683518255498,1133
25,0.01968130831511115,127,167,0.7434017736286015,0.7617406806290619,2.739096040858001,0.02328287530029328,127,244,0.11769120374387855,0.08806551020362163,1.336405176916111,-0.1786147478355435,0.3765945259289468,1339
0,0.023546714953767645,127,539,0.8394633936788146,0.6624074561769746,0.004207053950287938,0.015920758785234034,127,244,0.11759703969836642,0.09281369719584326,1.267022468140975,-0.19695344836476308,0.359555132117394,433
20,0.018556290069791023,127,268,0.7726113862460608,0.7071460680166927,0.24437093741478988,0.48615392472075475,127,244,0.1174500194390936,0.09126317660896961,1.2869376653666718,-0.20363220880032626,0.3581092470456986,652
27,0.01579438386816674,127,154,0.7206604302749543,0.6941222559827258,0.4788919846672624,0.02260215080269468,127,244,0.11742035602058465,0.08918139223889117,1.3166463661617824,-0.18809830171609646,0.3687813184083101,1105
14,0.027993201779208842,127,648,0.8578694741072341,0.7626685036362159,0.0071540297573690495,0.04407279338333903,127,244,0.117408115095174,0.08918318710716996,1.3164826118412498,-0.1753797349683359,0.36378342778660594,448
26,0.0195836148345524,95,131,0.7457522523451572,0.7106737383468139,2.4448778222644063,1.3322879497865965,127,244,0.11730203089259805,0.08845586900852714,1.326107947470282,-0.19409474858554468,0.38201867502917974,1404
6,0.030812039772373744,127,122,0.6783931449676581,0.6180909155642152,0.02001342062287998,0.224635331716758,255,244,0.11723648643432986,0.09186729054180924,1.2761504746999692,-0.19826602072815738,0.3546619135342399,386
13,0.01885010486557014,111,204,0.6990752672090732,0.6188533618431927,0.06701521675295774,0.04579315111104031,255,244,0.11716788414032085,0.09494568951982847,1.2340516429221517,-0.1992966864010725,0.3589057717277684,536
3,0.02785951277878365,95,111,0.8430179407605753,0.6682096494749166,0.0018205657658407262,19.924621034349894,127,244,0.11716554287886877,0.09064501331740078,1.2925757147677195,-0.19284072318863,0.37657544777413715,596
23,0.020674140910865762,127,240,0.8436206050936838,0.8192179788255745,0.20172008861726315,6.582642039667986,127,244,0.1171277633473221,0.08787950502984997,1.3328222923824775,-0.17321921596752496,0.3767645418195967,817
11,0.017409943184503555,127,942,0.6085763285660035,0.6085582193565989,0.01850375990627371,0.11089670714515434,255,244,0.11711160686665181,0.0913475787791859,1.2820439078056485,-0.19740637875996683,0.3673237614433773,699
5,0.03330504922013556,63,330,0.8186841117373118,0.6739417822102108,7.556810141274429,4.957135786745318,127,244,0.11703732903504796,0.0914277242701008,1.2801076475368658,-0.219092873582615,0.38285019195342496,1381
9,0.031768784709818566,63,115,0.7243929286862649,0.7300733288106989,0.8287522363768158,1.6476487558474695,127,244,0.11699532061314016,0.08935203572053149,1.3093749870352058,-0.18330572391519362,0.3787541543033661,755
21,0.018193994754069468,127,266,0.7718988793706907,0.7063206061098323,5.214100537124436,2.0168797744803344,127,244,0.11698101809639058,0.09052108446290813,1.2923068563581412,-0.19985918727998017,0.3791654127584575,1653
24,0.023107173754445095,111,402,0.8802341334492112,0.6528673108628101,0.04642024404439895,0.10640236814975679,127,244,0.11691359483944118,0.09243662842042766,1.264797265297101,-0.21426910042046943,0.3598967107761107,505
22,0.0166411240828398,111,740,0.817910018922658,0.7433096888848266,1.485864470581041,0.5035108245599509,127,244,0.11681707661111411,0.0909111592471889,1.284958607704986,-0.19750186328416142,0.37510771891831085,1011
10,0.0471658190525787,95,202,0.9729161367647149,0.8262452362725613,0.3727364254732501,0.011329872154854877,255,244,0.11679534194944488,0.09193454431256637,1.270418457205322,-0.20589158733060525,0.3668077840746627,286
2,0.02523167769582531,63,408,0.6557975442608167,0.7168578594140873,0.029204338471814112,0.3853103152262982,127,244,0.1167230372918234,0.09404570806409554,1.2411309319110282,-0.19958168684638572,0.3700904220162845,499
18,0.028512243058101072,111,511,0.8505915654206465,0.8571389722362222,0.1064400396078853,0.026340148370763806,127,244,0.11663916107250508,0.09311060390239685,1.2526947112787714,-0.2069568936826464,0.3509820093468896,348
7,0.023047827290732677,47,348,0.6563696899899051,0.9208787923016158,0.0019870215385428634,27.010059647423024,127,244,0.11618342921532963,0.08816584126409545,1.3177828005668226,-0.18094310303609853,0.3845806555947744,1325
8,0.015100059435535782,111,509,0.8916028672163949,0.9085081386743783,0.0019777828512462727,0.17637166053890752,255,244,0.11593514305214098,0.09654519255422797,1.2008380737033795,-0.21327841918503002,0.3566526978948405,603
16,0.025950446591076794,95,678,0.7970534167982971,0.9816918816844524,0.005498178420836139,0.02139102540299055,127,244,0.11570020845000745,0.09341292757263331,1.23858882765498,-0.1964431663174474,0.35926642854129465,376
17,0.038018093549019874,127,692,0.9164174182331594,0.7429230935956743,0.001284920048900095,0.07899808059456999,127,244,0.11561386811913665,0.09410712808841644,1.2285346547874034,-0.18852125550196172,0.36430135047086015,231
12,0.04250628353206377,127,186,0.7456404953262472,0.7845517758682948,0.015874940158648602,0.8211569263515046,255,244,0.11560272011206046,0.09043063986286759,1.2783578694938438,-0.18138675216680028,0.3519223701912034,281
15,0.02074551562661094,111,665,0.8756623291939448,0.7977779145544659,0.0072814253739531135,0.04697278696166944,127,244,0.11549086677360675,0.09106797135040659,1.268183150025677,-0.19128421294408274,0.3594293897334215,602
4,0.02164548515898282,31,483,0.7760609974958406,0.6488152939379115,0.09565499215943825,0.013169614353741137,127,244,0.11444498624896175,0.09699530032481801,1.1799023856383577,-0.20704401100626724,0.3789945999915625,643
19,0.02506218138817051,79,307,0.9613715435738107,0.7681096399426639,0.006968165554328888,0.010559335074397831,127,244,0.11413740282466858,0.09613895846570948,1.18721280785852,-0.22083163411192833,0.3640854673210427,383
1,0.03518255377188427,31,933,0.9329770563201687,0.6849356442713105,0.005337032762603957,0.04342298948286135,255,244,0.11336760562661477,0.0977806445969571,1.1594074276550916,-0.20581363408380327,0.37856916182681544,373
