test_time,preserved,mean_neighbor_distance,min_library_time,max_library_time,rank_correlation_to_exp023h,rank_correlation_to_exp024b
3161,True,nan,missing,missing,1.0,1.0
3162,True,nan,missing,missing,0.9999999999999998,0.9999999999999998
3163,True,nan,missing,missing,1.0,1.0
3164,True,nan,missing,missing,1.0,1.0
3165,True,nan,missing,missing,0.9999999999999998,0.9999999999999998
3166,True,nan,missing,missing,1.0,1.0
3167,False,2.6587958335876465,2924,3160,0.9974793729919811,0.9994914426377152
3168,False,1.62603759765625,3024,3158,0.9975384886439957,0.9998399376161866
3169,False,2.2387893199920654,2828,3158,0.997694432179639,0.9992959908784663
3170,False,3.3826451301574707,2820,3160,0.9975445739522163,0.9997872811304873
3171,False,2.968538999557495,2920,3157,0.9978970990826503,0.9997931473176549
3172,False,2.1949338912963867,3059,3160,0.9976628345411569,0.9994626593735035
3173,False,2.6944050788879395,2486,3155,0.9978385697455529,0.9997745790942749
3174,False,2.393308162689209,3024,3155,0.9978518156821158,0.999723594040198
3175,False,2.566619634628296,2933,3156,0.9976913862165842,0.999809518899396
3176,False,3.5983080863952637,1156,3155,0.9976305824325326,0.9995336740086744
3177,False,2.508908271789551,2845,3160,0.9978680153590989,0.9997350114925215
3178,False,2.9574153423309326,2504,3155,0.9972569879791723,0.9994813312684332
3179,False,3.970052719116211,2257,3127,0.9968272399329099,0.9984520463269942
3180,False,6.094503402709961,2796,3156,0.9978474305711894,0.9998186032857509
3181,False,2.977595567703247,2497,3159,0.9977020194529101,0.9995004572138109
3182,False,2.200011730194092,2986,3160,0.9977650871830168,0.9997694775425237
3183,False,1.8921401500701904,2846,3158,0.9980527570389531,0.9996795461417477
3184,False,2.6444807052612305,2528,3158,0.9976754619182134,0.9995615278947365
3185,False,2.7391767501831055,2924,3160,0.9981212665676624,0.9997676714880239
3186,False,2.271524429321289,3027,3160,0.9980979685768641,0.9995446000151166
3187,False,1.988259196281433,3009,3160,0.9980558224361615,0.9996568283504994
3188,False,2.196596384048462,2846,3158,0.9977354036350045,0.9996006539511967
3189,False,2.4427084922790527,2989,3160,0.9979867615485106,0.9991744949194206
3190,False,1.9748880863189697,2968,3160,0.9980823599052232,0.9996775301039295
3191,False,2.5001461505889893,2846,3158,0.9977718033939684,0.9995386214625371
3192,False,2.1835787296295166,2968,3160,0.9978903361201557,0.9994983702132311
3193,False,3.918285846710205,1245,3117,0.9979431330566302,0.9996516509344755
3194,False,3.318181037902832,2811,3160,0.9981956354431271,0.9996309237522866
3195,False,3.9214773178100586,2623,3156,0.9980884239539227,0.999781194412635
3196,False,2.1977343559265137,3029,3160,0.9979144726830855,0.9998506966925105
3197,False,1.9788336753845215,3000,3160,0.9981111470133563,0.9996446053769685
3198,False,2.1154494285583496,3013,3158,0.9979596176437315,0.9997611440500682
3199,False,2.1690220832824707,2846,3158,0.9981681112877485,0.9996025805696409
3200,False,2.5578322410583496,2914,3158,0.997838872369531,0.9997791012623664
3201,False,3.6928372383117676,2486,3155,0.9981947390287959,0.9996937833929
3202,False,4.752105236053467,1165,3098,0.998234437151562,0.999380541271352
3203,False,4.859444618225098,2498,3152,0.998129702166328,0.9997330873408887
3204,False,4.221865653991699,1245,3127,0.9981722101435382,0.9994965100798684
3205,False,3.2808837890625,2507,3155,0.9977829789944405,0.9996659318885139
3206,False,5.110134124755859,1245,3098,0.9982789527149375,0.9995045860908504
3207,False,5.613628387451172,1636,3117,0.9982347290513435,0.9996143679038397
3208,False,3.75943922996521,2474,3160,0.998244066338612,0.9996764247693191
3209,False,2.7426602840423584,2957,3160,0.9981933141180418,0.9996470729078047
3210,False,2.8373398780822754,2467,3160,0.9979431777808225,0.999767625556747
3211,False,2.8516788482666016,3048,3157,0.9981501877526606,0.9997366954871443
3212,False,2.0476555824279785,3029,3160,0.9982519917022247,0.9998512200439258
3213,False,2.332742929458618,2846,3158,0.9977666826573625,0.9990351580091904
3214,False,2.7058963775634766,2398,3160,0.9981050669937261,0.9996685136239447
3215,False,3.205019474029541,2520,3156,0.9980726916012227,0.9996956059152029
3216,False,2.618076801300049,2497,3155,0.9980668511325004,0.9997274169376575
3217,False,2.6461119651794434,3027,3160,0.998079603032198,0.9995241712963973
3218,False,2.073038101196289,3027,3160,0.9978132276328845,0.9998852467905311
3219,False,2.2605793476104736,3000,3158,0.9977588568719736,0.9995966948112446
3220,False,3.3921303749084473,2928,3160,0.9977789514332399,0.9997488003428082
3221,False,2.8248186111450195,2528,3155,0.9979199799566498,0.9993481472550959
3222,False,2.447061061859131,2846,3158,0.9982692833648819,0.9996065177173694
3223,False,3.5237367153167725,2520,3155,0.9979558563084943,0.9996754700574405
3224,False,3.2680232524871826,2695,3151,0.9979521948343175,0.9996714128475147
3225,False,3.1131014823913574,2933,3156,0.9978112420372532,0.999551316701295
3226,False,2.5233988761901855,2811,3160,0.998215632532755,0.9997953330538305
3227,False,2.848707914352417,2923,3155,0.9981845785400598,0.999488522443681
3228,False,4.821221351623535,2242,3156,0.9979027849432276,0.9995002586667764
3229,False,2.416415214538574,3029,3160,0.9977734617701628,0.9997042931137903
3230,False,2.4595117568969727,2497,3133,0.9976248792005359,0.9995067673681274
3231,False,3.615009307861328,1247,3155,0.9979419611547564,0.9997450026703142
3232,False,3.7009572982788086,2507,3114,0.9980483435217822,0.9995367067687166
3233,False,5.851007461547852,1091,3098,0.9979067776062402,0.9995362006058358
3234,False,5.456981182098389,1245,3054,0.9976823273880597,0.9995556079107447
3235,False,6.358724117279053,1245,2959,0.9978359586429124,0.9993362062874453
3236,False,4.248250961303711,2476,3102,0.9975401451648424,0.9996508095699057
3237,False,5.034931182861328,1440,3152,0.9976303235945934,0.99946099735702
3238,False,4.786518573760986,2301,3156,0.9977422670882091,0.9996994558782871
3239,False,4.704378604888916,2303,3136,0.9978443438589341,0.999715721286066
3240,False,4.494794845581055,2701,3160,0.9977049792329679,0.999712414281423
3241,False,3.959523916244507,2303,3159,0.9978229930272455,0.9996860240462121
3242,False,3.6431727409362793,2478,3160,0.9978396913848341,0.9996235977447648
3243,False,3.3882646560668945,2513,3160,0.9983140929062669,0.9997917410292694
3244,False,2.753054141998291,2811,3157,0.9980945088565192,0.9997655805666851
3245,False,2.8058815002441406,3029,3160,0.9979585866167693,0.9995697690204293
3246,False,2.467536687850952,3024,3158,0.9980525895188591,0.9994612895008268
3247,False,2.2540600299835205,2931,3160,0.9979143223866492,0.9995616047717769
3248,False,3.4064722061157227,2403,3145,0.9973279943996322,0.9995790405135658
3249,False,2.270094871520996,3015,3160,0.9977997011433166,0.9998069374764011
3250,False,1.8608784675598145,3009,3160,0.9978756704088338,0.999765772006574
3251,False,3.518336057662964,2485,3155,0.9973339384116341,0.9995951943725097
3252,False,2.804892063140869,2924,3160,0.9981012343648288,0.9995818210784654
3253,False,2.4261388778686523,3027,3160,0.998047845330224,0.9994520167733087
3254,False,2.5699989795684814,2811,3160,0.998025516060688,0.9998019102221339
3255,False,2.0777857303619385,3027,3160,0.9979024427273128,0.999869800394591
3256,False,2.6693637371063232,3027,3160,0.9977614850569563,0.9995715088463903
3257,False,2.432612419128418,2811,3160,0.9973277163674447,0.9997293831630207
3258,False,2.1645045280456543,2963,3160,0.9976641035674673,0.9996822756727995
3259,False,2.349252939224243,2918,3160,0.9973398320534936,0.9995616609741954
3260,False,2.2788610458374023,2920,3158,0.997791945629706,0.9998089874759274
3261,False,3.015787124633789,2468,3155,0.997651518159289,0.9993390198319798
3262,False,2.8954975605010986,2528,3155,0.9973721593350319,0.9993090693387777
3263,False,3.433588981628418,2754,3160,0.9976233765264844,0.9994902141832377
3264,False,2.344743251800537,2963,3160,0.99761704834495,0.9998009021956626
3265,False,3.7045602798461914,2497,3155,0.9976222090156197,0.9995905550435487
3266,False,2.200269937515259,3029,3160,0.9974311229697094,0.9998952284900734
3267,False,2.4455740451812744,2698,3160,0.9977839885441808,0.999840252460864
3268,False,2.744049310684204,2528,3158,0.9978275762435049,0.9997270714126294
3269,False,2.1274943351745605,2997,3160,0.9976422261194724,0.9998147731159359
3270,False,2.336703300476074,2846,3158,0.9976654016723552,0.9997672164998976
3271,False,2.369901657104492,2528,3158,0.9978393713092202,0.9994674463892748
3272,False,2.544583797454834,3027,3160,0.9979225497495308,0.9998440097113995
3273,False,2.39453125,2826,3160,0.9978285084414289,0.9997950130948982
3274,False,1.973307490348816,3029,3160,0.9976622018890379,0.9997724434873385
3275,False,2.1376752853393555,3027,3160,0.9976343448602769,0.999746451953735
3276,False,2.6798081398010254,2838,3155,0.9976180916804664,0.9997194910310786
3277,False,2.6436033248901367,2924,3160,0.9977261545482725,0.9997654048697007
3278,False,1.7594314813613892,3027,3160,0.997794179825615,0.9996821831672712
3279,False,2.8511173725128174,2934,3156,0.9977613293073682,0.9998587327391494
3280,False,2.6337039470672607,2502,3155,0.9978025541657208,0.9996465367458606
3281,False,2.2863073348999023,2846,3158,0.99781119253089,0.9992806072817567
3282,False,1.7566795349121094,3009,3160,0.9977398230890459,0.9996622714534534
3283,False,1.9720571041107178,3015,3160,0.9978853720507627,0.9996385369755184
3284,False,3.466176986694336,2623,3156,0.9980973302973019,0.9998234180449631
3285,False,2.217090129852295,2846,3158,0.9976548661227151,0.9995971715237152
3286,False,2.2074947357177734,2984,3160,0.9979427057305783,0.9997128495208317
3287,False,2.149116039276123,3027,3160,0.9978759903656454,0.9996361317279047
3288,False,2.6506564617156982,2933,3158,0.9978731617292825,0.9998054862097171
3289,False,5.9452033042907715,2701,3159,0.9977546989441362,0.9996645390819334
3290,False,1.9408960342407227,2997,3160,0.9979288828690016,0.9997774185732805
3291,False,1.8061647415161133,3009,3160,0.9979571958136275,0.9996962220579507
3292,False,1.7754273414611816,3015,3160,0.9978280508714249,0.9997433603178838
3293,False,2.4751954078674316,2502,3155,0.9978412366475489,0.9993505166659447
3294,False,2.2988944053649902,3037,3158,0.9979371953586885,0.9997534259428134
3295,False,2.290351390838623,2904,3160,0.9978859771403865,0.9993730046894932
3296,False,1.7911080121994019,2979,3160,0.9978793961333323,0.9996769486834008
3297,False,2.091047525405884,3003,3160,0.9980311540576217,0.999771929880521
3298,False,2.003350019454956,3016,3160,0.9980599648185949,0.9998990488884391
3299,False,2.54952335357666,2934,3156,0.9981443925579239,0.9998182751072843
3300,False,6.681611061096191,1448,3141,0.998137919602555,0.9994753502648852
3301,False,6.808382987976074,805,3152,0.9980709199048273,0.9996160559044618
3302,False,3.1243765354156494,2811,3160,0.9982648726297846,0.9997836631224629
3303,False,2.568678855895996,2811,3160,0.9980981587750617,0.9997358779758335
3304,False,3.3431379795074463,2928,3160,0.998149811080101,0.9997558394814378
3305,False,1.8360977172851562,3015,3160,0.9979687644801107,0.9997821600749438
3306,False,1.722150206565857,3027,3160,0.998124181452179,0.9997760099006363
3307,False,2.012643575668335,3009,3160,0.9980625968524772,0.9996886232127469
3308,False,1.6552735567092896,3015,3160,0.9980854315659905,0.9998319625398882
3309,False,2.8346009254455566,2994,3158,0.9980653562659686,0.9997519580839598
3310,False,2.027688503265381,3009,3160,0.9981040553088523,0.9996766925405289
3311,False,1.747124195098877,3015,3160,0.9980812926648365,0.9998136360077489
3312,False,1.747209072113037,3015,3160,0.9981422552259334,0.999830412460289
3313,False,1.833601713180542,3041,3157,0.9978628971287018,0.9995779531526837
3314,False,3.949676990509033,2922,3156,0.9980621708548619,0.9998698759634567
3315,False,1.7788803577423096,2997,3160,0.9979818069634802,0.9996715163869406
3316,False,3.435122013092041,2486,3155,0.997891725589448,0.9997651987160251
3317,False,2.743046283721924,2486,3155,0.9981682290018327,0.9997682719761981
3318,False,2.147313356399536,2997,3160,0.9977599370740035,0.9997250452952944
3319,False,6.6390509605407715,2211,3156,0.9979416295925049,0.9995924187888849
3320,False,3.6767358779907227,2934,3157,0.9977454210072745,0.9996844130937944
3321,False,3.3976972103118896,2530,3155,0.9979328315570276,0.9996028640512283
3322,False,2.4235284328460693,2845,3160,0.9977034338642625,0.9994833118384873
3323,False,2.2877655029296875,2961,3160,0.9977366218719707,0.9993153212579295
3324,False,2.506453514099121,2997,3160,0.9975699682268739,0.9995978505917036
3325,False,2.043562889099121,2884,3160,0.9975863663421685,0.9993878447951379
3326,False,1.8783674240112305,2979,3160,0.9978632126243739,0.9995267394513505
3327,False,2.3689823150634766,2979,3158,0.9977844100382998,0.999558303932771
3328,False,2.54742431640625,2790,3158,0.9977980160279625,0.9995014713115609
3329,False,2.718946933746338,2850,3157,0.9977116424833163,0.9995325938519881
3330,False,3.899606943130493,2337,3136,0.9977334572822064,0.9994501628396647
3331,False,3.2997384071350098,2468,3155,0.9975575902807698,0.999415379945518
3332,False,2.9270071983337402,2504,3127,0.9968307680610482,0.9990180400955616
3333,False,3.0903186798095703,2810,3154,0.9977428889793837,0.9994284915190363
3334,False,3.884695291519165,2390,3160,0.9974754927310695,0.999633912755043
3335,False,3.7132534980773926,2559,3158,0.9944104830662436,0.9976054253872128
3336,False,2.735764503479004,2615,3160,0.9976072747242518,0.999583660697645
3337,False,3.6299214363098145,2410,3155,0.9973660457788867,0.9991560307143107
3338,False,3.754641532897949,1245,3110,0.9965323138308226,0.9966342161820751
3339,False,4.018631935119629,2845,3160,0.997597949929866,0.9994823708194963
3340,False,3.0957961082458496,2530,3155,0.997481242275221,0.9996905537685845
3341,False,3.1377198696136475,2406,3127,0.9973113704315464,0.9993519563946391
3342,False,2.84722638130188,2406,3127,0.9969681980627901,0.9990909047366336
3343,False,3.559023141860962,2810,3158,0.9975505379739092,0.9995573267929618
3344,False,3.3680245876312256,1164,3110,0.9964254847999289,0.9986009734410968
3345,False,4.227235317230225,1247,3123,0.9974804521131901,0.999467721307282
3346,False,2.802205801010132,2521,3159,0.9967849675511827,0.9992846307729737
3347,False,3.1596174240112305,2521,3160,0.9973574373153059,0.999734406226612
3348,False,2.7897891998291016,2754,3160,0.9977278820741337,0.9995460743834611
3349,False,2.1366498470306396,2687,3160,0.9980076357049878,0.9997441672057733
3350,False,2.242720127105713,2981,3158,0.9978152129481864,0.9995062138771215
3351,False,2.681776523590088,2513,3158,0.9980267982859461,0.9989181786803301
3352,False,2.328538179397583,2846,3158,0.9981381741545774,0.9996952684279022
3353,False,2.7876992225646973,2811,3155,0.9978738198774738,0.9997143248524998
3354,False,3.2915167808532715,2507,3114,0.9978321593812424,0.9994039072710506
3355,False,3.287412643432617,2509,3159,0.997444014253609,0.9996781108853801
3356,False,2.1064109802246094,2927,3160,0.9979547154337524,0.9998080339610788
3357,False,3.4113965034484863,2528,3155,0.9980388516559922,0.9997887049042984
3358,False,3.941721200942993,2301,3156,0.997961838396986,0.9997824698546168
3359,False,2.6556715965270996,2811,3160,0.997952028714266,0.9994309357355166
3360,False,2.2122068405151367,2698,3160,0.9977273694160789,0.9998075113467745
3361,False,3.143587589263916,3028,3160,0.9981771280357582,0.9998878206139572
3362,False,2.583914279937744,2521,3160,0.9975761548130518,0.9997293933953723
3363,False,1.778101921081543,3015,3160,0.9981739733235399,0.9997731754538335
3364,False,2.8747899532318115,2850,3158,0.998257239961903,0.9995228678660762
3365,False,2.082718849182129,2981,3160,0.9981729589863195,0.9997475542882863
3366,False,2.15895938873291,2846,3158,0.9980587014769005,0.9990519042185139
3367,False,4.168588161468506,2498,3142,0.9983169611503803,0.9997639592587609
3368,False,2.0373101234436035,3057,3160,0.9981784621149926,0.9997347238155383
3369,False,2.305152416229248,2894,3160,0.998012742044313,0.9995058422863038
3370,False,2.3920602798461914,2850,3160,0.998339831472781,0.9998026648763969
3371,False,1.9922840595245361,2846,3158,0.9982494610018452,0.9995527796699617
3372,False,2.119934558868408,2846,3160,0.9980553151867266,0.9997226930269439
3373,False,2.8622751235961914,2740,3158,0.9981503995495308,0.9998644509139251
3374,False,2.1055209636688232,2502,3155,0.9979091267839255,0.9993179239986438
3375,False,2.4899649620056152,2528,3155,0.9972411168945131,0.9988131126115769
3376,False,2.691218614578247,2741,3134,0.997963707827431,0.9995721361025544
3377,False,2.4851863384246826,2630,3158,0.9977428646080186,0.999332301070813
3378,False,3.9556832313537598,2516,3136,0.9978925922431169,0.9995095965794814
3379,False,2.7496531009674072,2521,3160,0.9972147569482605,0.999641978893914
3380,False,2.0653395652770996,3013,3160,0.9981037944197367,0.9998679493065592
3381,False,2.9568090438842773,2973,3160,0.9979003615666338,0.99988661173227
3382,False,4.416869640350342,2748,3159,0.9977324727993756,0.9996357956290173
3383,False,2.135768175125122,2997,3160,0.9978880661061014,0.9997207524068449
3384,False,2.3036723136901855,2846,3158,0.997955370194088,0.9994298054115706
3385,False,2.2513632774353027,2846,3158,0.9979981464355974,0.9995760462779923
3386,False,2.036024570465088,2861,3158,0.9980077110580567,0.999738064260759
3387,False,2.4866857528686523,2735,3158,0.9979888413539004,0.9993922810608873
3388,False,1.8606055974960327,2985,3158,0.9978303607663139,0.9996382651214328
3389,False,2.157773017883301,3001,3160,0.9978723300760267,0.9998388638854263
3390,False,1.8420319557189941,2981,3160,0.9980353232716956,0.9997937920282308
3391,False,2.160616874694824,2979,3160,0.9980215097807068,0.9997547032642496
3392,False,2.6181159019470215,2630,3158,0.997900731915314,0.9997107095641666
3393,False,3.5197412967681885,2880,3158,0.9978281329762375,0.9996245088974813
3394,False,2.3269078731536865,2648,3158,0.997825676808569,0.9989641253103929
3395,False,2.995955467224121,2408,3127,0.9967440929381383,0.9994650939649306
3396,False,3.1476597785949707,2408,3127,0.9949292258751758,0.9976374869055229
3397,False,2.8521318435668945,2387,3127,0.9971136561541293,0.9990013143952002
3398,False,2.9333608150482178,2534,3160,0.9974910111996435,0.9996945291033741
3399,False,2.3783411979675293,2979,3160,0.9978459255126593,0.9997658131181447
3400,False,3.156804084777832,2551,3158,0.9974000327682684,0.9996732419658504
3401,False,2.670665740966797,2539,3125,0.9972817944865142,0.9991709219309898
3402,False,2.880074977874756,2539,3125,0.9975605713411904,0.9996049225762278
3403,False,2.625229597091675,2534,3160,0.9966996390619449,0.9990491704122136
3404,False,2.204439878463745,2884,3160,0.9976262414977586,0.9997749817964522
3405,False,2.48675274848938,2687,3158,0.9974258971036714,0.9988301554747867
3406,False,2.528341770172119,2787,3160,0.9972605869075437,0.9992867260255986
3407,False,2.723616600036621,2783,3160,0.9972415835293924,0.9997875743239886
3408,False,2.8323891162872314,2615,3158,0.9974490145374773,0.9989798179955176
3409,False,2.674572229385376,2546,3109,0.9973991560557212,0.9992140702193556
3410,False,2.4332869052886963,2539,3035,0.9973563630222497,0.9996575571736144
3411,False,2.624798536300659,2438,3109,0.997161015934666,0.9991792946540565
3412,False,2.7114038467407227,2753,3159,0.9970804679203717,0.9990532055898742
3413,False,2.667940139770508,2560,3109,0.997311963126026,0.9996149100872017
3414,False,2.957510471343994,2558,3125,0.9971886854984561,0.9993200906855464
3415,False,2.5945425033569336,2546,3010,0.9967173118237772,0.9994143638730418
3416,False,2.859985589981079,2558,3122,0.9966085679751037,0.9995291098693041
3417,False,4.21157169342041,2541,3149,0.997447016002358,0.9996827820498028
3418,False,2.3622031211853027,2687,3159,0.9975908473728857,0.9994203292725106
3419,False,2.5934994220733643,2457,3143,0.9963632790785097,0.9995565498820761
3420,False,2.528550863265991,2600,3160,0.997698173151285,0.9998378407834851
3421,False,2.8499293327331543,2548,3127,0.9976038134281008,0.9995435816442998
3422,False,2.228459358215332,2850,3158,0.9976826099601912,0.9997777450592275
3423,False,2.5024731159210205,2536,3133,0.9968917208709481,0.9990095553865836
3424,False,2.480349540710449,2544,3125,0.9969491856654706,0.9991181977228033
3425,False,2.8482513427734375,2527,3159,0.9968837861273339,0.9994011403702973
3426,False,2.797945022583008,2457,3133,0.9970255674307122,0.9996068972525094
3427,False,2.3337130546569824,2783,3159,0.9973728249025057,0.9995665146253516
3428,False,3.000236988067627,2544,3157,0.9973976718544574,0.9997514665745726
3429,False,2.188570261001587,2457,3013,0.9967747712604766,0.9993126435637636
3430,False,4.22454833984375,800,2910,0.9970153629705638,0.999515728464525
3431,False,2.5835330486297607,2757,3133,0.997602401628846,0.9996409081427455
3432,False,2.8986165523529053,2687,3160,0.9976220214391509,0.9987559793524372
3433,False,2.98980712890625,2596,3127,0.9970717056899739,0.9990213814477233
3434,False,2.6109023094177246,2457,3022,0.9970955242745915,0.99821588107403
3435,False,2.4169111251831055,2553,3013,0.9972344015908197,0.9996720806351256
3436,False,2.9434707164764404,2443,2893,0.9968635456138009,0.9996317722541473
3437,False,2.4425833225250244,2551,3013,0.9970684056423507,0.9990696283205874
3438,False,2.826993227005005,2560,3013,0.9969146219552996,0.9997004052557691
3439,False,2.557485580444336,2553,3010,0.9967721180379973,0.9993647679009174
3440,False,2.6032402515411377,2457,3016,0.9963712830196412,0.999457388699575
3441,False,2.756387710571289,2587,3125,0.9969764222890195,0.9996464134273387
3442,False,2.703199863433838,2600,3135,0.9970423242878074,0.9997311081633238
3443,False,2.813673973083496,1113,2901,0.9963519363077764,0.9993344181681783
3444,False,3.1801624298095703,2558,3125,0.9972728743762257,0.9994702192483333
3445,False,2.573349952697754,2553,3013,0.997126689171593,0.9996948030664977
3446,False,2.6898412704467773,2551,2956,0.997367106780748,0.9996881421345838
3447,False,2.8209023475646973,2682,3158,0.9974778053003516,0.9997846699274954
3448,False,3.0882086753845215,2468,2956,0.9970629381452755,0.9993937795273122
3449,False,2.8935437202453613,2598,3125,0.9972687764770477,0.9995979740389159
3450,False,2.836881160736084,1182,3010,0.9971763720350052,0.9996309018322942
3451,False,3.2609071731567383,2557,3010,0.9969105048615029,0.9991884520086093
3452,False,2.5184059143066406,2850,3158,0.9974431478091658,0.9995778601299223
3453,False,2.761714458465576,2606,3143,0.9969054842668177,0.9988031171626166
3454,False,2.589629650115967,2587,3125,0.9967602936204403,0.9994192725769744
3455,False,2.846858501434326,2551,3125,0.9969407165224752,0.9986138066196286
3456,False,2.5815348625183105,2787,3158,0.997444771525267,0.9994275082326087
3457,False,2.5037801265716553,2846,3158,0.9976101947900279,0.9994676889477961
3458,False,2.5766448974609375,2551,3127,0.9972779819419689,0.9987751015820725
3459,False,2.5659565925598145,2598,3127,0.9975265962369676,0.9996055713515578
3460,False,2.8864049911499023,2606,3127,0.997636112691502,0.9991793186588888
3461,False,2.5141003131866455,2606,3125,0.9972254808901617,0.9994691792553714
3462,False,2.164214611053467,2682,3158,0.9970876327202924,0.9997316599244221
3463,False,3.191993474960327,2468,3155,0.9975904816402179,0.9993956870172287
3464,False,2.452345132827759,2860,3158,0.997595829172999,0.9990657706497885
3465,False,2.4629321098327637,3001,3160,0.9977637718247975,0.9997103175389764
3466,False,2.118215560913086,3016,3158,0.9976435581960373,0.9995190044159915
3467,False,2.7445507049560547,2682,3158,0.9977880109380006,0.9996139838604895
3468,False,2.3550074100494385,2787,3158,0.9976804264977408,0.9996843206855005
3469,False,2.217010021209717,2742,3158,0.9977699774094448,0.9990335990123314
3470,False,2.8815557956695557,2789,3158,0.9980062997151474,0.9997890509640563
3471,False,2.483168363571167,3009,3160,0.9981596609424112,0.9998958767991759
3472,False,2.820557117462158,2779,3158,0.9979784274479544,0.9993587144140613
3473,False,2.637077569961548,2606,3158,0.997635214808085,0.9987923908540726
3474,False,2.830864667892456,2608,3158,0.9978501726519539,0.9995990410498806
3475,False,2.7223544120788574,2503,3155,0.9977734149433226,0.9996044460322624
3476,False,3.0528130531311035,2828,3158,0.9980023298092144,0.9997613422145019
3477,False,3.5577549934387207,2486,3155,0.997865469393327,0.9997586138626726
3478,False,2.5262269973754883,2915,3160,0.9978520246656961,0.9995048664904828
3479,False,2.3690600395202637,3027,3160,0.9979991043082888,0.9995154242420881
3480,False,2.927368640899658,2928,3160,0.9977239068550786,0.9997720820071146
3481,False,3.4306740760803223,2938,3156,0.9977967588548768,0.9997774469560451
3482,False,2.7509539127349854,2850,3158,0.9981110348527339,0.9997696173305377
3483,False,1.714906930923462,3015,3160,0.9981885819713012,0.9997783926565008
3484,False,2.8331313133239746,2846,3158,0.9978430931612094,0.9971538944676267
3485,False,2.6304681301116943,2735,3158,0.9982756405455433,0.9996482273944085
3486,False,2.0555124282836914,2981,3160,0.9982155910197714,0.9995984286565934
3487,False,2.7472119331359863,2861,3158,0.998116861398117,0.9994076244639221
3488,False,2.731703281402588,2735,3133,0.9977981986645758,0.9992366603983088
3489,False,2.380899429321289,2850,3158,0.998076647683535,0.9994443666027842
3490,False,2.635742425918579,2884,3160,0.997853219521169,0.9996999275105833
3491,False,2.60842227935791,2592,3143,0.9973699092960395,0.9983961353737318
3492,False,2.6864724159240723,2687,3158,0.9976379771941398,0.9981590737506888
3493,False,2.2451300621032715,2965,3158,0.9981095558780911,0.9996768968476213
3494,False,2.7420778274536133,2551,3158,0.9977211119176995,0.9988875150622651
3495,False,2.9358034133911133,2546,3158,0.9964629946237464,0.9994247824295184
3496,False,2.6081371307373047,2468,3123,0.998160454563843,0.9994841473283788
3497,False,2.81626033782959,2687,3158,0.997467965028302,0.998875701863477
3498,False,2.709704637527466,3013,3160,0.9979844831135483,0.9996978765398183
3499,False,2.534414291381836,2682,3158,0.9980471893211289,0.9993477741298777
3500,False,2.336686849594116,2544,3145,0.9980247095327158,0.9996520578584159
3501,False,2.5747604370117188,2615,3159,0.9968517615061454,0.9981676752629778
3502,False,2.4696264266967773,3001,3160,0.9978565200126008,0.9997335627639111
3503,False,2.624338150024414,2965,3160,0.9979280045997038,0.9995548428673393
3504,False,3.0923938751220703,2528,3158,0.9971747909985387,0.9971481867220363
3505,False,2.4761033058166504,2860,3158,0.9979462945189395,0.9995046896689946
3506,False,2.518394947052002,2528,3158,0.9980326144683112,0.9989799657378949
3507,False,2.326721429824829,2544,3144,0.9978021172223989,0.9994312887049834
3508,False,2.165329694747925,2687,3160,0.9978874067861031,0.9994493496505943
3509,False,2.3535780906677246,2979,3160,0.9979713313670617,0.999831777321773
3510,False,2.321843147277832,2860,3158,0.9978417758913355,0.9995812177288371
3511,False,2.370907783508301,2861,3158,0.9979729258528921,0.9997616489161603
3512,False,2.204784870147705,2979,3160,0.9981563313205789,0.9998644216050646
3513,False,2.2615342140197754,2979,3160,0.9978695971355095,0.9997346370487635
3514,False,2.3817758560180664,2860,3158,0.9978641784949398,0.9992786340792341
3515,False,2.3268470764160156,2861,3158,0.9980601504984936,0.9992466936941025
3516,False,2.421823501586914,2963,3158,0.9980472687711512,0.9998199528054108
3517,False,2.7113726139068604,2968,3160,0.9977688139379421,0.9993451871756411
3518,False,3.160519599914551,2749,3158,0.9977976713712529,0.9964360532757368
3519,False,2.2792296409606934,2968,3160,0.9976041777116822,0.9993792069272469
3520,False,2.37264347076416,2968,3160,0.9975657596660696,0.999146635550415
3521,False,2.735766649246216,2973,3160,0.997805980714918,0.9998112703216667
3522,False,2.5216753482818604,2979,3160,0.9978529616823076,0.9996914006346534
3523,False,2.7209858894348145,2687,3158,0.9979928814226717,0.9994453217387412
3524,False,2.7679240703582764,2546,3158,0.9978326877265954,0.9988899189871876
3525,False,2.9802160263061523,2551,3158,0.9979892192653063,0.9997779740279568
3526,False,2.8648481369018555,2850,3158,0.9977941216994649,0.999678679833121
3527,False,2.917872190475464,2558,3130,0.9971175830427622,0.9968448680640949
3528,False,2.657899856567383,2551,3158,0.9975784428437391,0.998544492334274
3529,False,2.5351455211639404,2968,3160,0.9976542492930816,0.9995955449702488
3530,False,2.974287271499634,2648,3160,0.9981758319819893,0.999711544160903
3531,False,3.988600730895996,2623,3156,0.9979499608930623,0.9990183175968212
3532,False,2.7708659172058105,2615,3158,0.9977253365632353,0.9985995503851824
3533,False,2.9999427795410156,2560,3125,0.9975398829241927,0.9995774134181749
3534,False,2.5381855964660645,2551,3013,0.9973160254551614,0.9994355623346347
3535,False,2.61212158203125,2592,3133,0.9970179661368207,0.9980193031202241
3536,False,3.0123374462127686,2648,3158,0.9976875012896356,0.9995872434095026
3537,False,3.0582594871520996,2884,3160,0.9974132070376378,0.9995573407444441
3538,False,3.0323801040649414,2687,3158,0.9976819958631433,0.9996233953419841
3539,False,2.8464670181274414,2457,3143,0.9969035121988181,0.99769470302557
3540,False,2.9160728454589844,2615,3158,0.9973080585557955,0.9983527252521515
3541,False,2.929774284362793,2978,3160,0.9972826152501828,0.999547443226559
3542,False,2.7022008895874023,2850,3158,0.9974994086636277,0.9996615322902551
3543,False,2.977969169616699,2544,3133,0.9972625292954601,0.9992434457844094
3544,False,2.871945381164551,2551,3125,0.9970973165397087,0.9982932888713341
3545,False,2.847892999649048,2587,3133,0.9969166343990555,0.9995157366055871
3546,False,3.412196159362793,2608,3158,0.9970580779547202,0.9990844397133632
3547,False,2.705894947052002,2551,3013,0.9972419899408549,0.9993235140004689
3548,False,2.9275479316711426,2546,3109,0.9972757676105617,0.9993346357419687
3549,False,2.824197769165039,2553,3010,0.9970921742316636,0.9995867780402917
3550,False,2.5320777893066406,2443,2758,0.9961983149929837,0.9992909886038585
3551,False,3.53747296333313,2515,3049,0.9973071465694862,0.9996065695527576
3552,False,2.4603078365325928,2443,2908,0.9970776241763888,0.9995721574134976
3553,False,2.4259231090545654,2551,2900,0.9968135764956079,0.9995900720631791
3554,False,2.9229376316070557,2273,3010,0.9967810352136113,0.9991492928581186
3555,False,2.276386022567749,2540,3022,0.9970809134513842,0.9994304615543597
3556,False,2.8153152465820312,2539,3159,0.9972129821217169,0.9994368622914847
3557,False,3.0242598056793213,2468,2958,0.9971769037681735,0.9996392352311166
3558,False,2.847294807434082,2263,2998,0.9961793405327085,0.9983009169852416
3559,False,2.774146556854248,2408,3127,0.9971136839444358,0.9990270082901653
3560,False,2.9346907138824463,2497,3155,0.9972305198042415,0.9989753197008581
3561,False,14.835586547851562,671,3146,0.9977897900405613,0.9996397553172391
3562,False,3.708714723587036,1233,3159,0.9970271647856901,0.9996454281635192
3563,False,2.6823248863220215,2973,3160,0.9977947242036336,0.9994882053996844
3564,False,2.87371826171875,2608,3158,0.9977325135573553,0.9995497923986371
3565,False,3.3269729614257812,2648,3158,0.9973960279426849,0.9994885725011187
3566,False,2.734360933303833,2687,3149,0.9968638900194027,0.9991091677488215
3567,False,3.267232656478882,2544,3135,0.997517298847828,0.9997526601227815
3568,False,2.8474960327148438,2551,3022,0.9975484155202345,0.9995218365782643
3569,False,2.8999388217926025,2536,2861,0.9967647964346912,0.999524076312868
3570,False,2.799647569656372,2536,3125,0.9970887215815472,0.9991175690052644
3571,False,3.2771925926208496,2687,3160,0.9976221624235858,0.9992552413454049
3572,False,2.875704765319824,2551,3013,0.9971657460577996,0.9995846706095556
3573,False,3.431394100189209,2443,2893,0.9972138901366998,0.9996630835278075
3574,False,3.0133004188537598,2443,2908,0.9965128866408348,0.9995534856622992
3575,False,2.702681064605713,2457,3125,0.9969094911197548,0.9995681528654584
3576,False,3.4483633041381836,2558,3158,0.9970031336995959,0.9993917541523953
3577,False,3.2933342456817627,2439,2993,0.9968431006780899,0.9993217632472676
3578,False,2.728132486343384,2551,3006,0.9967246020591124,0.9987406342047486
3579,False,3.114748954772949,2443,2863,0.9963721490799374,0.9993961926207419
3580,False,3.23157000541687,2419,2895,0.9968064379656717,0.9994902323489012
3581,False,3.67081880569458,2544,3135,0.9971929970178772,0.9995647617139172
3582,False,2.951991081237793,2546,3010,0.9970609127603761,0.9996382906544995
3583,False,3.126850128173828,2546,3107,0.9964429700553631,0.9993494695876326
3584,False,3.170596122741699,2558,3143,0.9967392442351688,0.9993306776600229
3585,False,3.160003423690796,2608,3154,0.9974244098209564,0.9995337181393569
3586,False,3.3957252502441406,2544,3157,0.9971731846322341,0.9995219957940965
3587,False,3.361942768096924,2546,3160,0.997571006593289,0.9991430352097822
3588,False,3.418325901031494,2544,3158,0.9977730148219212,0.9997358660147074
3589,False,3.3749806880950928,2551,3158,0.9972059600692744,0.9997212921073164
3590,False,3.26102876663208,2608,3158,0.9978353221009812,0.9996693814458384
3591,False,3.3603227138519287,2551,3158,0.9978054307186008,0.9992042885770598
3592,False,4.013947010040283,2551,3154,0.9976594741990175,0.9992721646299194
3593,False,2.9009718894958496,2539,3158,0.9972473185552256,0.9989824168497199
3594,False,2.376742124557495,2847,3135,0.9977239643257098,0.999657154690823
3595,False,3.2628190517425537,2327,3114,0.9971192436184839,0.9991785938808965
3596,False,3.486485242843628,2534,3160,0.9974490641451986,0.9993003177325552
3597,False,4.394392013549805,2858,3156,0.9978774006171482,0.9998683577902713
3598,False,2.6860029697418213,2687,3158,0.9978149786762992,0.9990657272079421
3599,False,3.053574562072754,2687,3160,0.9976180467861984,0.9991322289521627
3600,False,4.54300594329834,2673,3156,0.9971844173417853,0.9996340032457721
3601,False,3.0559322834014893,2973,3160,0.997875739701701,0.9997132737331695
3602,False,2.5454797744750977,2544,3158,0.9981077031964913,0.9997534316033433
