test_time,preserved,mean_neighbor_distance,min_library_time,max_library_time,rank_correlation_to_exp023h
3161,True,nan,missing,missing,1.0
3162,True,nan,missing,missing,0.9999999999999998
3163,True,nan,missing,missing,1.0
3164,True,nan,missing,missing,1.0
3165,True,nan,missing,missing,0.9999999999999998
3166,True,nan,missing,missing,1.0
3167,False,2.6043541431427,2924,3160,0.9969349083049
3168,False,1.6059603691101074,2949,3158,0.9973549782019188
3169,False,2.1909983158111572,2833,3160,0.9974113766354756
3170,False,3.3404502868652344,2820,3160,0.9974399264347988
3171,False,2.7804975509643555,2914,3155,0.9977877915245895
3172,False,2.0699944496154785,2924,3160,0.99752742466798
3173,False,2.3876657485961914,2486,3155,0.9977848251018094
3174,False,2.339885711669922,2810,3155,0.9975932875586843
3175,False,2.4965550899505615,2869,3156,0.9975746524222208
3176,False,3.4262733459472656,1156,3155,0.9977045930260523
3177,False,2.4998342990875244,2845,3160,0.997826244564588
3178,False,2.762268543243408,2486,3155,0.9974524406391958
3179,False,4.079322814941406,2488,3127,0.9963049319364974
3180,False,6.135778427124023,2796,3156,0.9975957974383199
3181,False,2.76716947555542,2812,3137,0.9973337771699458
3182,False,1.8302947282791138,2884,3160,0.9978350829849298
3183,False,1.774254560470581,2846,3158,0.9980093254852251
3184,False,2.294379234313965,2528,3155,0.9978436058190827
3185,False,2.6632537841796875,2924,3160,0.9977771845490985
3186,False,2.027329444885254,2874,3160,0.9977318969051844
3187,False,1.741089105606079,2968,3160,0.9978132401281984
3188,False,1.8822804689407349,2846,3158,0.9979051486139433
3189,False,2.240964889526367,2904,3160,0.9976724164558668
3190,False,1.7803951501846313,2924,3160,0.9980870695687122
3191,False,2.3662805557250977,2846,3155,0.9981455422791093
3192,False,1.8376271724700928,2924,3160,0.9978756181517217
3193,False,3.854738712310791,1161,3117,0.9981719725342432
3194,False,3.6677937507629395,2390,3160,0.9978898830899383
3195,False,4.05357551574707,2623,3156,0.9981217072463159
3196,False,2.1325342655181885,2850,3160,0.9978117350262286
3197,False,1.8813228607177734,2955,3160,0.9980288513726426
3198,False,1.9595718383789062,2861,3158,0.9980357553502959
3199,False,1.9516615867614746,2846,3158,0.9977754376108104
3200,False,2.393712282180786,2874,3154,0.9978627550398625
3201,False,3.442032814025879,1453,3155,0.9982190615897196
3202,False,4.765346527099609,1245,3092,0.9984370890402346
3203,False,4.759521007537842,2411,3160,0.9980556309919987
3204,False,4.032552242279053,1245,3102,0.9983124566968705
3205,False,3.117983818054199,2507,3155,0.9981051454485121
3206,False,4.900242805480957,1245,3098,0.9984862253600479
3207,False,5.3453779220581055,1083,3117,0.9982032373410649
3208,False,3.754147529602051,2509,3160,0.998247247746945
3209,False,2.3258023262023926,2915,3160,0.9975172088484971
3210,False,2.3431994915008545,2695,3159,0.9979771492268609
3211,False,2.338481903076172,2915,3154,0.9977535399881079
3212,False,1.7274208068847656,2927,3160,0.9981023387201972
3213,False,2.201845645904541,2846,3155,0.998087795571213
3214,False,2.2701222896575928,2398,3148,0.9982705281481693
3215,False,3.180889129638672,2520,3156,0.9980578293018999
3216,False,2.1254262924194336,2497,3155,0.9981801811420575
3217,False,2.106037139892578,2884,3160,0.9975353661061649
3218,False,1.7333080768585205,2927,3160,0.9977438533351767
3219,False,2.112708330154419,2935,3158,0.9975668342148627
3220,False,3.207583427429199,2820,3160,0.9975436588026224
3221,False,2.255307674407959,2528,3155,0.9977682828571338
3222,False,2.2554874420166016,2846,3158,0.9981651070327205
3223,False,3.1446635723114014,2520,3155,0.9980149957619754
3224,False,2.879913806915283,2513,3151,0.9979326949582988
3225,False,2.6741528511047363,2828,3154,0.9981336077891738
3226,False,2.100849151611328,2845,3160,0.998088385523728
3227,False,2.4874372482299805,2874,3155,0.9981354576070459
3228,False,4.706209659576416,2158,3156,0.9977932912507098
3229,False,1.7910314798355103,2997,3160,0.9975070540755712
3230,False,2.200883626937866,2406,3129,0.9979679123228191
3231,False,3.235550880432129,1247,3117,0.9980329952754565
3232,False,3.6202893257141113,2507,3151,0.9980600250677347
3233,False,5.627943515777588,1082,3098,0.9976982981920893
3234,False,5.349176406860352,1245,3054,0.9977928742849985
3235,False,6.397218704223633,1245,3098,0.9978508244859706
3236,False,4.071759223937988,1636,3102,0.9975998215545275
3237,False,4.891303062438965,1440,3152,0.9977034745129661
3238,False,4.675068378448486,2250,3156,0.9976245443879196
3239,False,4.5257720947265625,2242,3136,0.9978240239865193
3240,False,4.409934043884277,2217,3160,0.9976255302277136
3241,False,3.6893081665039062,2301,3156,0.9979325505927568
3242,False,3.1103060245513916,2509,3159,0.9980282811203239
3243,False,3.184274196624756,2513,3160,0.9982980532809764
3244,False,2.7770700454711914,2401,3157,0.9982704921965387
3245,False,2.9941768646240234,2806,3157,0.9980241969965864
3246,False,1.9835224151611328,2846,3155,0.997995452680068
3247,False,1.9325045347213745,2823,3160,0.9974784665903451
3248,False,3.1675467491149902,2244,3145,0.9975477876309492
3249,False,2.3092074394226074,2823,3160,0.9975913151730601
3250,False,1.8111343383789062,2924,3160,0.997634191159289
3251,False,2.5446763038635254,2486,3102,0.9973067681206027
3252,False,2.8686537742614746,2844,3160,0.9978715584310907
3253,False,2.167902946472168,2830,3158,0.9975912926112134
3254,False,2.1904118061065674,2741,3127,0.9980557847227332
3255,False,2.060405731201172,2874,3160,0.9976479028791437
3256,False,2.2419722080230713,2823,3152,0.9971759197721027
3257,False,2.2382960319519043,2698,3160,0.9973994159466415
3258,False,2.1644768714904785,2846,3160,0.9972740033372947
3259,False,2.239386558532715,2835,3160,0.996886778903631
3260,False,2.274587392807007,2401,3155,0.9976756946426456
3261,False,2.3542704582214355,2468,3117,0.9976495253422053
3262,False,2.416719913482666,2401,3155,0.9976359748273385
3263,False,3.257915496826172,2752,3160,0.9974298442130792
3264,False,2.206986904144287,2874,3160,0.9974597668421311
3265,False,3.296304225921631,1243,3155,0.9978116692699036
3266,False,1.8654903173446655,2846,3160,0.9974528900847242
3267,False,1.91871976852417,2826,3160,0.997661459081568
3268,False,2.1745409965515137,2734,3127,0.9977904745656354
3269,False,2.050389289855957,2823,3160,0.9972737751265061
3270,False,1.8375420570373535,2834,3155,0.997405559165399
3271,False,1.8834341764450073,2846,3158,0.997615260307325
3272,False,2.1644530296325684,2845,3160,0.9976882274313646
3273,False,1.85166335105896,2823,3160,0.9976638941177445
3274,False,1.9075056314468384,2823,3160,0.9973067088963227
3275,False,1.9448615312576294,2915,3160,0.9973559351427241
3276,False,2.2718348503112793,2813,3155,0.9976051097714994
3277,False,2.4005279541015625,2752,3160,0.9974063842397674
3278,False,1.6809699535369873,2915,3160,0.9972543127605759
3279,False,2.840998649597168,2740,3156,0.9976553330673524
3280,False,2.157292127609253,2502,3155,0.9975957972139581
3281,False,1.9856886863708496,2846,3155,0.9974596465047555
3282,False,1.503190279006958,2884,3160,0.997276199576806
3283,False,1.953474998474121,2823,3160,0.9974930325515485
3284,False,3.70527982711792,2520,3154,0.9981387913038108
3285,False,1.9600467681884766,2846,3158,0.9974439420980263
3286,False,1.804152488708496,2913,3160,0.9978345245618895
3287,False,1.7069569826126099,2924,3160,0.9976557535590767
3288,False,2.345547676086426,2830,3156,0.9976540424395617
3289,False,5.822718620300293,2217,3159,0.9976703774441397
3290,False,2.015444278717041,2924,3160,0.9976290067837043
3291,False,1.6857930421829224,2973,3160,0.9977550042726814
3292,False,1.8247712850570679,2995,3160,0.9975102480314473
3293,False,2.012118339538574,2831,3129,0.9978469025317319
3294,False,2.4069409370422363,2850,3157,0.9978612035445303
3295,False,2.162019729614258,2884,3160,0.9974677658511325
3296,False,1.6701444387435913,2955,3160,0.9978186433760177
3297,False,1.8385930061340332,2884,3160,0.9978343066488647
3298,False,1.6039656400680542,2846,3139,0.998024265244595
3299,False,2.514296531677246,2934,3156,0.9979119776139899
3300,False,6.5705156326293945,1287,3141,0.9982509558843208
3301,False,7.038885116577148,805,3152,0.9980633547700943
3302,False,2.8832051753997803,2811,3160,0.9981783189239544
3303,False,2.5376410484313965,2811,3157,0.9980664485726851
3304,False,3.2200608253479004,2924,3160,0.9980073567310908
3305,False,1.818471908569336,2973,3160,0.9977866148706325
3306,False,1.5425481796264648,2955,3160,0.998029647589611
3307,False,1.8508331775665283,2924,3160,0.9980020240010292
3308,False,1.467821478843689,2965,3160,0.9980270575501217
3309,False,2.865968704223633,2869,3160,0.9977112191757191
3310,False,1.7822480201721191,2953,3160,0.9979730663017576
3311,False,1.6553876399993896,2973,3158,0.9979670539729507
3312,False,1.7686243057250977,2965,3160,0.9981150649175924
3313,False,1.7287366390228271,3024,3157,0.9975195123003529
3314,False,3.911160945892334,2922,3156,0.9979490253758874
3315,False,1.7356846332550049,2924,3160,0.9977849988146277
3316,False,3.0975584983825684,2486,3155,0.9979073096038376
3317,False,2.617340087890625,2486,3155,0.9982084026577817
3318,False,2.0238566398620605,2924,3160,0.9975538107884471
3319,False,6.5767364501953125,2158,3156,0.9979291502701917
3320,False,3.762166976928711,2934,3160,0.9974351052239873
3321,False,3.259148120880127,2530,3155,0.9979783671585223
3322,False,2.27836275100708,2845,3160,0.9977284422345892
3323,False,2.0628833770751953,2884,3160,0.9976808574946455
3324,False,2.542916774749756,2934,3160,0.9972300918875632
3325,False,1.840400218963623,2687,3160,0.9975760089754787
3326,False,1.8800455331802368,2884,3160,0.9976946701582017
3327,False,2.4412832260131836,2850,3158,0.9977752411149164
3328,False,2.45107364654541,2790,3158,0.9976608249696476
3329,False,2.564789056777954,2850,3160,0.9975777982580285
3330,False,3.7374989986419678,2515,3158,0.9977743945537028
3331,False,3.0116167068481445,2468,3155,0.9975467417933181
3332,False,2.629444122314453,1247,3127,0.9971088474981467
3333,False,2.997969150543213,2810,3155,0.9975047703872495
3334,False,3.7501344680786133,2217,3160,0.9974949653285777
3335,False,3.685873031616211,2559,3158,0.9952507231274949
3336,False,2.596658706665039,2752,3160,0.9976799868108333
3337,False,3.191892623901367,1247,3123,0.997809440814437
3338,False,3.637270450592041,1245,3109,0.9948973484266467
3339,False,3.828326463699341,2845,3160,0.9976468558385787
3340,False,2.8937582969665527,2530,3155,0.997421606988573
3341,False,2.8673768043518066,2406,2958,0.9974385156944872
3342,False,2.564767360687256,2342,3127,0.9970851942509548
3343,False,3.2406842708587646,2810,3154,0.9972536150033587
3344,False,3.0890145301818848,1268,3127,0.9954074312611931
3345,False,4.153474807739258,1247,3123,0.9978292785888367
3346,False,2.369076728820801,2698,3159,0.9971055204627777
3347,False,2.8602592945098877,2454,3159,0.9974337101123094
3348,False,2.712965250015259,2754,3160,0.9972277155112764
3349,False,1.8937108516693115,2687,3158,0.9978391273970324
3350,False,1.7126920223236084,2870,3127,0.9979728248667422
3351,False,2.3107125759124756,2513,3127,0.9971736371505329
3352,False,1.9149316549301147,2846,3127,0.9980193118695866
3353,False,2.5992493629455566,2811,3142,0.997989245213327
3354,False,3.063020944595337,2810,3141,0.9978422251450906
3355,False,3.0088114738464355,2509,3159,0.9975171740039415
3356,False,2.1806883811950684,2845,3160,0.9978941911001853
3357,False,3.3549745082855225,2504,3155,0.998091343869668
3358,False,3.9771225452423096,2301,3156,0.9978246456171989
3359,False,2.556612968444824,2811,3160,0.9978911946777411
3360,False,2.0758309364318848,2782,3159,0.9977366707855626
3361,False,2.403146266937256,2927,3160,0.9982015937435079
3362,False,2.080137252807617,2521,3159,0.997643537726601
3363,False,1.934787631034851,2823,3160,0.9981535948003669
3364,False,2.689845323562622,2790,3158,0.9981272891562742
3365,False,1.6705513000488281,2860,3145,0.9982804450785371
3366,False,1.8811016082763672,2743,3145,0.9981265034885196
3367,False,4.280649185180664,2498,3157,0.9982607562614784
3368,False,2.0859274864196777,2874,3160,0.9979781457282695
3369,False,1.856110692024231,2875,3160,0.9981795161463004
3370,False,2.2208383083343506,2846,3157,0.998410940314557
3371,False,1.8882246017456055,2846,3158,0.9981691387935339
3372,False,1.7709083557128906,2836,3133,0.9982294932539738
3373,False,2.9245166778564453,2740,3158,0.9981281726628933
3374,False,1.7758803367614746,2831,3129,0.9977356333245968
3375,False,2.2782936096191406,2749,3155,0.9980520217179778
3376,False,2.400682210922241,2741,3129,0.998030153811317
3377,False,2.2032949924468994,2630,3158,0.9980359017143157
3378,False,3.9196364879608154,2516,3156,0.9978465061916706
3379,False,2.46956205368042,2521,3160,0.9974409136195609
3380,False,1.6587746143341064,2884,3158,0.9981332760975888
3381,False,2.9375715255737305,2777,3160,0.9978098738282678
3382,False,1.8718221187591553,2886,3160,0.997983865248528
3383,False,2.1591029167175293,2973,3160,0.9975998674618063
3384,False,2.018204689025879,2836,3158,0.9977451702641553
3385,False,1.924574613571167,2861,3133,0.9979299663109282
3386,False,1.7973076105117798,2862,3158,0.9980606534041483
3387,False,1.7270718812942505,2789,3135,0.9979239387739004
3388,False,1.7999444007873535,2850,3158,0.9979642475320147
3389,False,1.646496057510376,2884,3158,0.9980334549907307
3390,False,1.5086669921875,2965,3148,0.9981500187401583
3391,False,1.998801350593567,2965,3160,0.997959877114569
3392,False,2.3906402587890625,2630,3158,0.9977776819076136
3393,False,3.1629347801208496,2608,3155,0.997727388235806
3394,False,2.1080636978149414,2687,3158,0.9976946526935294
3395,False,2.520249843597412,2421,3109,0.9964834865575076
3396,False,2.639481782913208,2421,3109,0.9947580718253599
3397,False,2.5359644889831543,2406,3127,0.9963183315382383
3398,False,2.53360652923584,2612,3159,0.997341790907031
3399,False,2.147327423095703,2884,3158,0.9979111702972036
3400,False,3.0303006172180176,2551,3154,0.9975042044773472
3401,False,2.4217820167541504,2614,3125,0.997113905001313
3402,False,2.574822425842285,2539,3125,0.9974345378988735
3403,False,2.4998621940612793,2752,3160,0.9971332994904085
3404,False,1.8974461555480957,2884,3143,0.9976653675571446
3405,False,2.260659694671631,2615,3158,0.9975718929261616
3406,False,2.051168918609619,2787,3143,0.9973755327922003
3407,False,2.4756920337677,2741,3160,0.9972772194453697
3408,False,2.5611038208007812,2551,3109,0.997415838447919
3409,False,2.2486729621887207,2558,3022,0.9973437694041433
3410,False,2.1337947845458984,2560,3020,0.9973075128290874
3411,False,2.2307958602905273,2555,3013,0.9973251091441891
3412,False,2.7083935737609863,2753,3160,0.9972037044701881
3413,False,2.380575180053711,2579,3020,0.997504829738448
3414,False,2.601062774658203,2558,3013,0.9973871443626278
3415,False,2.429443359375,2546,3010,0.996368616513318
3416,False,2.675431251525879,2560,3013,0.9968393069991673
3417,False,4.200601577758789,2541,3160,0.9970732160304454
3418,False,2.2226808071136475,2687,3147,0.9975649325177358
3419,False,2.3942086696624756,2457,3022,0.9958742995589697
3420,False,1.9517064094543457,2787,3148,0.9977262050015618
3421,False,2.675410747528076,2606,3123,0.9975776987544132
3422,False,2.1921091079711914,2850,3158,0.9976569806598232
3423,False,1.8705865144729614,2579,3022,0.9968696291946394
3424,False,1.7717247009277344,2591,3020,0.9966248758257874
3425,False,2.4409995079040527,2268,3143,0.9973932956527406
3426,False,2.1742725372314453,2457,3013,0.9968854352416153
3427,False,2.167250156402588,2741,3159,0.9973651193885946
3428,False,2.7612171173095703,2591,3034,0.997254294973208
3429,False,1.8631045818328857,2588,3013,0.9968572823243839
3430,False,3.889484167098999,978,2910,0.996603587224207
3431,False,2.373748779296875,2757,3129,0.9976518955642395
3432,False,2.834017038345337,2687,3159,0.9971464695631149
3433,False,2.459407091140747,2596,2908,0.9974588670270946
3434,False,2.3204071521759033,2558,3010,0.996924437101468
3435,False,2.04610276222229,2579,2908,0.9969842920477962
3436,False,2.6142125129699707,2443,2900,0.9965299141545635
3437,False,2.2758374214172363,2606,3010,0.9970501393436118
3438,False,2.5997824668884277,2579,2990,0.9966505706661077
3439,False,2.380579948425293,2553,3010,0.9961220518578944
3440,False,2.0530877113342285,2588,3013,0.9963512505056056
3441,False,2.2906758785247803,2579,3013,0.9969078043193824
3442,False,2.5424838066101074,2682,3034,0.9969336903046129
3443,False,2.476381301879883,1113,2901,0.996112532465262
3444,False,3.0308542251586914,2558,3125,0.9972909560146035
3445,False,2.1931846141815186,2579,3013,0.9970245248739313
3446,False,2.4726943969726562,2551,2956,0.9972649413433804
3447,False,2.666619300842285,2682,3129,0.997347213562009
3448,False,2.768049716949463,2468,2956,0.9968827386181863
3449,False,2.7769570350646973,2741,3125,0.9970958655598733
3450,False,2.660757303237915,1276,2908,0.9971325381687142
3451,False,3.0240275859832764,1116,3010,0.9967355995595025
3452,False,2.597252130508423,2790,3158,0.9970849710348991
3453,False,2.419651985168457,2615,3143,0.9972079657137088
3454,False,2.362053394317627,2598,3022,0.9959707345404477
3455,False,2.4021472930908203,2606,3010,0.997228221123973
3456,False,2.2748405933380127,2779,3135,0.9974795965851638
3457,False,2.3318564891815186,2789,3158,0.9975394592718909
3458,False,2.141427993774414,2682,3013,0.9973894870778564
3459,False,2.1787424087524414,2682,3013,0.9973584835274226
3460,False,2.4764466285705566,2682,3123,0.9975509496563695
3461,False,2.2775630950927734,2682,3125,0.9967812663205585
3462,False,2.0424680709838867,2787,3143,0.9970692812186399
3463,False,2.607038974761963,2681,3123,0.9974867000117131
3464,False,2.1680960655212402,2687,3158,0.997635587246744
3465,False,2.1587581634521484,2884,3159,0.9978823019986482
3466,False,2.0927648544311523,2850,3158,0.9975096729384434
3467,False,2.438237190246582,2682,3129,0.9975741903980936
3468,False,2.105135679244995,2787,3133,0.9978648461531537
3469,False,1.927445888519287,2784,3127,0.9978970995903078
3470,False,2.541909694671631,2789,3135,0.9980259956172078
3471,False,2.303569793701172,2965,3160,0.9980864826071217
3472,False,2.683943271636963,2779,3158,0.9976410106753564
3473,False,2.0992231369018555,2682,3125,0.9978001145955084
3474,False,2.6907787322998047,2608,3158,0.9977122693097685
3475,False,2.3035125732421875,2699,3155,0.998018747057738
3476,False,2.9083192348480225,2828,3158,0.9979694953818358
3477,False,3.147914171218872,2486,3155,0.9980302530455434
3478,False,2.4978525638580322,2915,3160,0.9974736423505098
3479,False,2.172621250152588,2874,3160,0.9976718471633044
3480,False,2.8424909114837646,2924,3160,0.9977782865669234
3481,False,3.430508613586426,2922,3156,0.9977486455346607
3482,False,2.5608386993408203,2847,3155,0.998174879503043
3483,False,1.6186261177062988,3009,3160,0.9981506418895372
3484,False,2.4893133640289307,2867,3158,0.9963486140038879
3485,False,2.1747164726257324,2831,3133,0.9982343380449812
3486,False,1.800746202468872,2945,3158,0.9982036454483505
3487,False,2.346096992492676,2779,3139,0.9980837693422482
3488,False,2.2812411785125732,2758,3127,0.9980759334653655
3489,False,2.124858856201172,2789,3158,0.9981378276790945
3490,False,2.2592437267303467,2875,3158,0.9979496306071962
3491,False,2.134695053100586,2579,3125,0.9979470635071145
3492,False,2.35823917388916,2687,3158,0.9979447481005568
3493,False,2.0731143951416016,2965,3158,0.9981731764111758
3494,False,2.372225284576416,2682,3158,0.9977735520827887
3495,False,2.6360695362091064,2421,3109,0.9965662314874847
3496,False,2.0293545722961426,2468,3123,0.9982866354026938
3497,False,2.3272552490234375,2687,3158,0.9974020647710172
3498,False,2.322486639022827,2850,3157,0.9979968370428
3499,False,1.9668161869049072,2682,3125,0.9981385366367175
3500,False,1.7637279033660889,2779,3034,0.9980138649282602
3501,False,2.3206026554107666,2687,3159,0.99700232663223
3502,False,1.8502891063690186,2787,3144,0.9976278852727571
3503,False,2.4580492973327637,2687,3158,0.9978414090472113
3504,False,2.3825690746307373,2551,2998,0.9964878275577583
3505,False,2.0881400108337402,2687,3158,0.9980271257652379
3506,False,1.8076062202453613,2836,3127,0.9979412214528817
3507,False,1.9314030408859253,2776,3133,0.9978090316162868
3508,False,1.9474022388458252,2687,3158,0.9976760839174635
3509,False,1.9486298561096191,2890,3149,0.9979647139710652
3510,False,1.8919625282287598,2687,3158,0.9980051159185581
3511,False,2.0310921669006348,2787,3133,0.9979841984358739
3512,False,1.9228343963623047,2965,3160,0.9981365219228635
3513,False,1.9795074462890625,2965,3160,0.9978555806722382
3514,False,1.9257433414459229,2687,3158,0.997941370743632
3515,False,2.022664785385132,2789,3158,0.9978544223714113
3516,False,2.307842969894409,2846,3155,0.9981117612099394
3517,False,2.3017866611480713,2875,3160,0.9977523836012687
3518,False,2.801525354385376,2630,3158,0.9953491429929949
3519,False,2.060192346572876,2875,3160,0.998005294402544
3520,False,1.9720394611358643,2875,3160,0.998065993514604
3521,False,2.890530824661255,2965,3157,0.9977619612779312
3522,False,2.065783739089966,2741,3143,0.9977662627277474
3523,False,2.1262621879577637,2615,3109,0.9980944181443132
3524,False,2.2377023696899414,2592,3109,0.997797967240924
3525,False,2.4592721462249756,2682,3129,0.998001421398952
3526,False,2.649660587310791,2591,3157,0.9978314938981151
3527,False,2.4607372283935547,2558,3022,0.9975235753483228
3528,False,2.0781004428863525,2551,3109,0.9978264405882915
3529,False,2.355473041534424,2741,3160,0.9978115118939537
3530,False,2.554279327392578,2615,3147,0.9980715149482738
3531,False,4.1595683097839355,2623,3154,0.9972932310735179
3532,False,2.532510280609131,2615,3158,0.9978233819508043
3533,False,2.6053307056427,2560,3013,0.9977854771231589
3534,False,2.048354148864746,2586,3010,0.9971508467466061
3535,False,2.151319742202759,2615,3030,0.997550220317555
3536,False,2.806004524230957,2615,3158,0.9973477649703246
3537,False,2.9284205436706543,2783,3160,0.9973457840497654
3538,False,2.7414865493774414,2608,3158,0.9976580396714134
3539,False,2.1881182193756104,2592,3022,0.997169301800233
3540,False,2.5730791091918945,2615,3158,0.9967939132651652
3541,False,2.7648239135742188,2928,3160,0.997099230290223
3542,False,2.42193865776062,2687,3158,0.9974099163604663
3543,False,2.3303730487823486,2579,3013,0.9970715129590689
3544,False,2.66581392288208,2551,3030,0.9974177372456713
3545,False,2.6427056789398193,2579,3020,0.9970999681248301
3546,False,3.2598979473114014,2608,3158,0.9973248971800281
3547,False,2.3610308170318604,2579,3013,0.9974409933428865
3548,False,2.7559080123901367,2192,3010,0.9968732156771474
3549,False,2.696711540222168,2553,3010,0.9969563435416677
3550,False,2.1367886066436768,2272,2908,0.9956978804123825
3551,False,3.4318130016326904,2515,3158,0.9971528568888338
3552,False,2.1036391258239746,2551,2908,0.9973606965938299
3553,False,2.33172345161438,1276,3010,0.9969895426139418
3554,False,2.757594585418701,2273,3010,0.9962294875261646
3555,False,1.925659418106079,2588,3022,0.9968768892571234
3556,False,2.9051291942596436,2539,3160,0.9970897587624747
3557,False,2.887769937515259,2468,2956,0.9969914066936051
3558,False,2.520655393600464,2263,2996,0.9959475782545542
3559,False,2.3011679649353027,2682,3127,0.9967435874267009
3560,False,2.6914010047912598,1243,3127,0.9971899378251934
3561,False,14.892862319946289,671,3153,0.9974849179249917
3562,False,3.8798675537109375,1233,3159,0.9968458498418972
3563,False,2.9404726028442383,2823,3160,0.9974815062837097
3564,False,2.837197780609131,2619,3158,0.9974929060261033
3565,False,3.3509035110473633,2608,3157,0.9971915986204988
3566,False,2.7181742191314697,2687,3160,0.997248552965456
3567,False,2.9944450855255127,2544,3013,0.9972926060683902
3568,False,2.5613198280334473,2551,3010,0.9971744145652737
3569,False,2.280177116394043,2548,2908,0.9969031972547524
3570,False,2.3481881618499756,2555,3022,0.9975634921581245
3571,False,3.1286628246307373,2687,3160,0.9975100008056534
3572,False,2.5245723724365234,2551,3010,0.9969509512259266
3573,False,3.05191707611084,2443,2893,0.9972960337109119
3574,False,2.694277286529541,2548,2908,0.9964309417928426
3575,False,2.48911190032959,2555,3013,0.9968622979440486
3576,False,3.4029650688171387,2612,3158,0.9970976476874809
3577,False,3.123810291290283,2439,2991,0.9963745816174396
3578,False,2.584334373474121,2441,2900,0.99573222413991
3579,False,2.9620394706726074,1111,2865,0.9967494748575905
3580,False,3.128974437713623,1126,2900,0.9970514234409075
3581,False,3.394375801086426,2544,3034,0.9972893746848213
3582,False,2.5509815216064453,2551,3010,0.9969524438864954
3583,False,2.9068126678466797,2454,3010,0.9965583744055436
3584,False,2.844241142272949,2560,3014,0.9962437202718076
3585,False,3.2760391235351562,2608,3154,0.9973360064979634
3586,False,3.137691020965576,2544,3020,0.9972974283157859
3587,False,2.88167667388916,2615,3143,0.9971831305889587
3588,False,2.794869899749756,2550,3033,0.9976689392775233
3589,False,3.179456949234009,2551,3016,0.9973873474294769
3590,False,2.902271270751953,2608,3154,0.9977894487650691
3591,False,2.9669129848480225,2551,3016,0.9976660706791688
3592,False,4.124698638916016,2551,3154,0.9979057448601715
3593,False,2.733060836791992,2615,3158,0.9974965200000157
3594,False,2.1636910438537598,2789,3135,0.9976209328018668
3595,False,3.3676095008850098,2327,3154,0.997307256212026
3596,False,3.0424680709838867,2612,3159,0.9972343993316256
3597,False,4.462306976318359,2858,3160,0.9976036950895184
3598,False,2.6396138668060303,2687,3158,0.9974820086694333
3599,False,2.5149166584014893,2687,3159,0.9970639260108285
3600,False,4.518171310424805,2250,3156,0.9972580392208127
3601,False,3.182615280151367,2544,3157,0.9978209774196315
3602,False,2.1480956077575684,2591,3033,0.9979353102920621
