feature,rawIC_fold2,rawIC_fold3,rawIC_pooled,rawIC_valid,residIC_fold2,residIC_fold3,residIC_valid,pool_pass
F1_rank_num0,-0.005726112380428531,-0.009231683412296824,-0.007478897896362678,-0.008631811440092443,0.09999740750294694,0.0237464246277688,0.020539106591254037,False
F1_rank_num2,-0.021270940332561737,-0.030777550774778572,-0.026024245553670153,-0.03403438368362051,0.1915449425990784,0.17232572632930948,0.1535294530740694,True
F1_rank_num5,0.0006285061122855747,0.00888125853710632,0.004754882324695947,0.010506870997239232,-0.010211677431035444,-0.03315840074164683,-0.0551575071037051,False
F1_rank_num6,-0.011417969920530159,0.011674274500045947,0.0001281522897578942,-0.04840156357024443,0.1488808236409438,0.19165477178750412,-0.0045826316203062085,False
F1_rank_num7,-0.043230026607954435,-0.058305870620703734,-0.05076794861432908,-0.04582839848680782,0.3376323098478207,0.30801019549653996,0.29978203017052857,True
F1_rank_num9,0.015661181423848314,0.0042294186973255345,0.009945300060586925,-0.04805091992133122,0.20382201324205337,0.16738751525988854,0.0446917798832706,False
F1_rank_num10,0.022422735654330193,0.006722361766324797,0.014572548710327496,-0.03216303344697522,0.14853063925440438,0.1293958007134681,0.034393942580351895,True
F1_rank_num12,-0.0019419131571026258,0.0005333209097803889,-0.0007042961236611184,-0.0077847231886799635,0.08888551169733687,0.022763763608623932,0.03520852285285628,False
F1_rank_num13,-0.005142406584549612,0.0020334024063582866,-0.0015545020890956628,0.00609279529540426,-0.032714161981153456,-0.05475713111609164,-0.01994143457409022,False
F1_rank_num14,0.00937643141074787,0.007102127756405296,0.008239279583576583,-0.007078530328879197,0.08412507615947437,0.024696795906218545,0.03088161746968282,False
F1_rank_num16,-0.009868089650714387,-0.0026923075439824044,-0.006280198597348395,0.010016543726735428,-0.0986017949614268,-0.030665571743216505,-0.01817731414519442,False
F1_rank_num17,0.0,0.0,0.0,0.0,0.0,0.0,0.0,False
F1_rank_num18,0.0,0.0,0.0,0.0,0.0,0.0,0.0,False
F1_rank_num19,0.0,0.0,0.0,0.0,0.0,0.0,0.0,False
F1_rank_num20,0.0,0.0,0.0,0.0,0.0,0.0,0.0,False
F1_rank_num21,0.0,0.0,0.0,0.0,0.0,0.0,0.0,False
F1_rank_num22,0.0,0.0,0.0,0.0,0.0,0.0,0.0,False
F1_rank_num23,0.0,0.0,0.0,0.0,0.0,0.0,0.0,False
F1_rank_num24,0.0,0.0,0.0,0.0,0.0,0.0,0.0,False
F1_rank_num25,0.0,0.0,0.0,0.0,0.0,0.0,0.0,False
F1_rank_num26,0.004534874793447487,-0.001112525918268287,0.0017111744375896,0.007225759994715586,0.0286495012950195,0.013597348657716527,0.015586625318963725,False
F1_rank_num27,0.0019012116053356777,-0.0007737988993240548,0.0005637063530058114,0.0038391635261280036,0.022152993391442027,0.0008164822104990727,0.006012392783519139,False
F1_rank_num28,-0.006087229630948016,-0.011190630167626989,-0.008638929899287502,0.004186391450971432,0.014887517894725097,0.0537253232489594,0.04249710546407139,False
F1_rank_num29,0.007852822846143278,0.00812016264054991,0.007986492743346594,0.010509335199444398,0.005790375462816044,-0.04329990625329398,-0.020320707923568194,False
F1_rank_num30,-0.006933928931014574,-0.007194210364221497,-0.007064069647618036,-0.01097913134023617,0.08434006652180397,0.010822090671695855,0.011291920453604935,False
F1_rank_num31,-0.01929441097907318,-0.0007902310332482303,-0.010042321006160706,-0.005265790147131729,0.05183500295173368,0.014854127283728083,-0.00024082988189272068,True
F1_rank_num32,-0.01735248450157831,0.00038850847772605633,-0.008481988011926128,-0.006236479682046407,0.03103897519176028,0.003002663780068292,-0.007497272550611185,False
F1_rank_num33,-0.017508424659159517,-0.007436054721113082,-0.012472239690136298,-0.007573347627369727,0.029479489440144897,0.012812192626662586,0.014758026327130873,True
F1_rank_num34,0.00374543268091235,0.01859245791284137,0.011168945296876861,0.019367992782680348,-0.08360813446560798,-0.13513488986493527,-0.11958137158788446,True
F1_rank_num35,0.0012599735858086752,0.012989353078545382,0.007124663332177029,0.012261655223708302,-0.0677520089425065,-0.10796116608127543,-0.09761958949881677,False
F1_rank_num36,-0.0033358165709956016,0.005720209575842296,0.0011921965024233473,0.002802192059309757,-0.03653760021218111,-0.05642138004205338,-0.06138776763349241,False
F1_rank_num37,0.018489488265566137,0.010587288155861109,0.014538388210713623,0.0022190498129471105,-0.03280812029177438,-0.06525473620099163,-0.0721359295436621,True
F1_rank_num44,0.0070430955151951176,-6.690834696227525e-05,0.0034880935841164213,-0.0026537012324456904,0.0627619512412044,0.028247695084603525,0.035620806450156826,False
F1_rank_num45,-0.007276796517770775,-0.011489603979803904,-0.00938320024878734,-0.01331327343621663,0.10381228094089179,0.04191734521440895,0.03885683257741595,False
F1_rank_num46,0.020711107690341717,0.020638321463128852,0.020674714576735285,0.016999722271345042,-0.057166161209871835,-0.09264771939109998,-0.076750002640571,True
F1_rank_num52,-0.020287419190719688,-0.0073018991492441706,-0.013794659169981929,0.018339797593265088,-0.004853075537436371,-0.051134355880507514,-0.025484905513940878,True
F1_rank_num54,0.008422471069590565,0.009748927940423431,0.009085699505006997,0.02475179007860671,-0.16100537603993306,-0.13808755859964114,-0.08193316683058344,False
F1_rank_num58,-0.034066360981000986,-0.010897892216202411,-0.022482126598601698,-0.013827577960614361,0.21470793185826909,0.16398137008711433,0.14254687739324168,True
F1_rank_num59,0.011464287575072278,0.012745146240916005,0.012104716907994141,0.00024859150072471494,0.009022148703936465,0.006121550222180183,-0.020848156911606918,True
F1_rank_num62,0.0012953798946546144,0.0017497933645940517,0.001522586629624333,-0.018822181013879353,0.02439060348606145,0.08545735876619943,0.03397796720504785,False
F1_rank_num63,0.016969136873346353,0.012818870413357903,0.014894003643352128,-0.005751035560618904,-0.07683988093460978,0.01757839071622251,-0.03305347773228242,True
F1_rank_num65,0.0037558356563770776,-0.0008068040053107165,0.0014745158255331805,-0.0163467758000426,-0.05867495303732742,0.041546634076294824,0.016136255073912198,False
F1_rank_num66,-0.03662296357297556,-0.019990830438710767,-0.028306897005843164,-0.06096661845425402,0.24405269031071422,0.28187262301389354,0.13453799418238518,True
F1_rank_num69,-0.04456821450330592,-0.026958281356286865,-0.03576324792979639,-0.07053405050305797,0.28486213869777627,0.32491752798685053,0.15696342419200812,True
F1_rank_num70,0.012985891743629132,-0.0064169369198325225,0.0032844774118983046,0.05241358239458072,-0.2486857068529798,-0.26361230482190046,-0.12688988669599036,False
F1_rank_num77,-0.017864032871402213,-0.030867076589699435,-0.024365554730550826,-0.016561087792157425,0.07222618622974875,0.08144336051085725,0.13625473081253914,True
F1_rank_num78,0.020261008839830133,0.01750871845075164,0.018884863645290885,-0.005186812330785673,-0.01331932717432461,0.00751056024020302,-0.05071389022155252,True
F1_rank_num80,0.0047363098862645125,0.00506515534455985,0.004900732615412181,-0.0012341511413752066,0.04920459191815312,0.023884418542517313,0.026853023092583618,False
F1_rank_num81,-0.0019729552696838857,0.00249060430196156,0.00025882451613883713,-0.006173148863586126,0.07813970921986156,0.056023766355803,0.058062776790827435,False
F1_rank_num82,-0.01719905588232074,-0.006186887276669968,-0.011692971579495353,-0.0070872544436874916,0.050663462363126806,0.013820798487131941,0.015380509514459066,True
F1_rank_num83,-0.01835882457657319,-9.351078632393133e-05,-0.009226167681448561,-0.007598839007840535,0.06772527765453827,0.022489842337551105,0.014624110121213252,False
F1_rank_num89,-0.00042289129350218745,-0.003892633075463285,-0.002157762184482736,-0.010288949355134951,0.045350975272637144,0.0433146482509811,0.01933096282349444,False
F1_rank_num92,-0.016688299097919936,-0.01142208123151562,-0.014055190164717778,-0.009073415936493105,0.15473155176693457,0.07458594839748722,0.06381723374602769,True
F1_rank_num93,-0.013281656993313488,-0.010962902313003762,-0.012122279653158624,-0.009884716102966856,0.13262700694813484,0.05968674653237823,0.054853174113340716,True
F1_rank_num94,0.012374660803844128,-0.0030295916954133045,0.004672534554215411,0.005352189046526685,-0.011179785012024726,-0.07717281923576849,-0.025473330969135524,False
F1_rank_num95,0.01450964332410081,0.009677483506517162,0.012093563415308987,0.01751888258520763,-0.11319311050866479,-0.11302138701705702,-0.07036909904582647,True
F1_rank_num96,-0.01196148753144078,-0.012212854721459417,-0.012087171126450098,-0.014742380440290795,0.12389626960086914,0.06125162722040338,0.05829211092671441,True
F1_rank_num97,-0.020662468480893724,-0.022848755642912773,-0.021755612061903247,-0.025367852972200268,0.16641183783178692,0.11332066794462427,0.1009464295756053,True
F1_rank_num98,-0.0030963736262996696,-0.0015346114587208915,-0.0023154925425102803,-0.0033288639320844054,0.0706290851515433,0.0014087337852913755,0.009143207429734535,False
F2_z20_num0,-0.007675719944956463,-0.0152854375057684,-0.011480578725362432,-0.011545450874851116,0.07205729872609859,0.005476216850287328,0.013762866103868038,True
F2_z20_num1,0.004585910808385804,-0.0016186884692448234,0.0014836111695704902,0.00010203250201666867,-0.01633428241423399,-0.025111429526460186,4.540551393530546e-05,False
F2_z20_num2,-0.0039405919951850206,-0.02530546427768412,-0.01462302813643457,-0.012330049172482671,0.05026966279416688,0.04480521659975687,0.05293098356764881,True
F2_z20_num3,0.014569315329164077,0.01537395322640734,0.014971634277785709,0.006064615020192163,-0.008825533257403345,-0.05104736757806933,-0.03793729074464336,True
F2_z20_num4,0.00933186092333418,-0.006457947491454617,0.001436956715939782,-0.0016814599897873584,-0.0018457042639130267,-0.02348364999744711,0.004400422443609644,False
F2_z20_num5,0.01618403270975097,-0.0007216294181661009,0.007731201645792435,0.0008618463840144659,-0.008394007893418456,-0.009762451010646739,-0.004860032203464993,False
F2_z20_num6,-0.00665726232472278,-0.044444899079886135,-0.025551080702304458,-0.02080347328139854,0.1086223126796962,0.15893708355573935,0.15800506922010615,True
F2_z20_num7,-0.027293321840225617,-0.045141578185263945,-0.03621745001274478,-0.01371484793031293,0.08111688802768476,0.11417074359462052,0.10130470130003506,True
F2_z20_num8,-0.028739709541475464,-0.04814030916721536,-0.03844000935434541,-0.016836209672216582,0.08768877274820398,0.1269440814466244,0.11539318368616827,True
F2_z20_num9,-0.009583358089033175,-0.04551342708326213,-0.027548392586147653,-0.02200276705159297,0.11658721440083554,0.16409230913548586,0.15970074449602023,True
F2_z20_num10,-0.009254845501312583,-0.040397571139501445,-0.024826208320407016,-0.019698527843988855,0.10644451799226509,0.14998005982949347,0.14603991001283279,True
F2_z20_num11,-0.019474253841891317,-0.02457686704044421,-0.02202556044116776,-0.004961382375867462,0.04207961120798042,0.0848979552117464,0.07853341507884576,True
F2_z20_num12,-0.01030955337251997,-0.00892517642305616,-0.009617364897788066,-0.009490294785984338,0.07314360443269417,0.025922689309109206,0.03387219227719753,False
F2_z20_num13,-0.0014805176732741417,-0.008938664053122464,-0.005209590863198303,-0.0023026605949354904,0.0057322770389003075,0.011022145399806291,0.004902029182586864,False
F2_z20_num14,0.008435386524550224,0.002113498205253068,0.005274442364901646,-0.005471874835521282,0.029784419358671474,0.020947089189282085,0.0234017383455534,False
F2_z20_num15,0.002920518829969986,0.008626862583362782,0.005773690706666384,0.0009051615687834071,-0.011642609614752041,-0.02046628879286906,-0.04088786518925878,False
F2_z20_num16,-0.006867060877516885,0.0011720010313555614,-0.002847529923080662,0.006961357254199378,-0.05426668314030046,-0.0041131652558830546,-0.0021254278445203946,False
F2_z20_num17,0.0,0.0,0.0,0.0,0.0,0.0,0.0,False
F2_z20_num18,0.0,0.0,0.0,0.0,0.0,0.0,0.0,False
F2_z20_num19,0.0,0.0,0.0,0.0,0.0,0.0,0.0,False
F2_z20_num20,0.0,0.0,0.0,0.0,0.0,0.0,0.0,False
F2_z20_num21,0.0,0.0,0.0,0.0,0.0,0.0,0.0,False
F2_z20_num22,0.0,0.0,0.0,0.0,0.0,0.0,0.0,False
F2_z20_num23,0.0,0.0,0.0,0.0,0.0,0.0,0.0,False
F2_z20_num24,0.0,0.0,0.0,0.0,0.0,0.0,0.0,False
F2_z20_num25,0.0,0.0,0.0,0.0,0.0,0.0,0.0,False
F2_z20_num26,0.011355896957034307,0.0050611421476595775,0.008208519552346942,0.0035361968590167077,0.022119364072068975,0.0019461014013516871,-0.001969818936283196,False
F2_z20_num27,0.00869792147281896,0.003954074862898655,0.006325998167858808,0.0013071577205294041,0.01745797457485949,-0.00024387193112062155,-0.0029885729980429782,False
F2_z20_num28,0.00035688696058302913,-0.0029315254259840934,-0.0012873192327005321,-0.0012553035343619374,0.0069718419055297635,0.001720240407695797,-0.002996510429752229,False
F2_z20_num29,0.005392123202214155,0.00580249486648854,0.005597309034351347,0.008525918749380657,0.0024673837694772142,-0.005673038864116153,-0.005338438252406004,False
F2_z20_num30,-0.005986955806963065,-0.007191395090606441,-0.006589175448784753,-0.00915297322453245,0.07191995452059308,-0.0018777331754844953,0.0017926086384620285,False
F2_z20_num31,-0.023711416441376466,-0.01301839710978955,-0.018364906775583008,-0.00977768595848351,0.06487389103786019,0.03641839124481437,0.026581163630237544,True
F2_z20_num32,-0.010877459608469923,-0.009820531545308183,-0.010348995576889054,-0.003287472450689885,0.018109699893441956,0.022438228798746768,0.011362726389094862,True
F2_z20_num33,-0.011220176289338536,-0.011714144638935827,-0.01146716046413718,-0.003613840766650062,0.013766883386327552,0.017799283742187054,0.009386595756946727,True
F2_z20_num34,0.0007649730342240821,0.014602446535863834,0.007683709785043958,0.005989496123033198,-0.037492245392174064,-0.0477375462004758,-0.04927137156252404,False
F2_z20_num35,0.007310276667555241,0.010881323269959687,0.009095799968757465,0.004188947708669281,-0.03134398422626182,-0.04232895333992957,-0.037279023084377146,False
F2_z20_num36,0.006757072384650057,0.007559007448927131,0.007158039916788594,0.003107157156827079,-0.027274946339978897,-0.034700428160016145,-0.031189308948524962,False
F2_z20_num37,-3.8533765625503236e-07,0.003908065777326631,0.001953840219835188,-0.0036109091140987784,-0.0005256581907806443,-0.022152337985929606,-0.02004650642920355,False
F2_z20_num38,-0.015233687577338366,-0.03752172614973306,-0.026377706863535712,-0.009670571731601631,0.04780905620442407,0.06880149060553563,0.0628662008828323,True
F2_z20_num39,-0.014870233781762934,-0.02598177678889237,-0.02042600528532765,-0.006496864101933615,0.06284830899549601,0.0849027471677836,0.06478731779246179,True
F2_z20_num40,-0.01405003743703486,-0.01271132736411598,-0.01338068240057542,-0.0028620369342445147,0.09140988817089649,0.11676292435890194,0.071624961063068,True
F2_z20_num41,-0.027398466603149065,-0.04396765490271765,-0.03568306075293336,-0.011063573877654352,0.05182236184355237,0.08039292499723627,0.06526535344564885,True
F2_z20_num42,-0.02125547695926328,-0.0075420653966116755,-0.014398771177937477,-0.005204775794781733,0.16661435487394846,0.113843497164357,0.09040503410709116,True
F2_z20_num43,-0.027477241631652168,-0.025440552339304194,-0.02645889698547818,-0.014803314984354282,0.10310153663552146,0.04299174652969846,0.04382941967258329,True
F2_z20_num44,-0.0005246291005878304,-0.009345198597200774,-0.004934913848894302,0.0008857767015822534,0.018034553811702197,0.0039556175641761735,0.013420251075045905,False
F2_z20_num45,-0.002947711193332601,-0.013243987248703452,-0.008095849221018027,-0.0112443555570271,0.05976841486432324,0.00843769285716669,0.010751929495403507,False
F2_z20_num46,-0.012745608338921507,-0.0011803430206058921,-0.0069629756797637,0.0015280942893865905,0.0030262976142040074,-0.01485787800412161,-0.003986554911886661,False
F2_z20_num47,-0.018067092587683003,-0.01935451495077375,-0.018710803769228377,-0.004467640141696346,0.017561056432135985,0.03046105440325462,0.029834994825185496,True
F2_z20_num48,-0.019365985977586507,-0.022068080410352988,-0.020717033193969746,-0.003014271172280396,0.022881581991481516,0.04798195723412778,0.04614049582905576,True
F2_z20_num49,-0.02286000822443029,-0.012474999835707124,-0.01766750403006871,-0.0037392225085648746,0.03538321445846813,0.0336710588755954,0.040987342925884525,True
F2_z20_num50,-0.02338365056811052,-0.013709168549773349,-0.018546409558941934,-0.005978386910703185,0.04023518590667197,0.043289459353101155,0.04851302707335657,True
F2_z20_num51,-0.022942158518953253,-0.010096326143007659,-0.016519242330980455,-0.004736978173235909,0.03897968194164038,0.04180415168499468,0.04537937856934714,True
F2_z20_num52,-0.02154023083237494,-0.005821883719249858,-0.013681057275812399,-0.0017506502058814613,0.0322452967341479,0.029573004064637132,0.029078767256137405,True
F2_z20_num53,-0.004701448903378764,0.013449556498476394,0.0043740537975488145,0.0018387376799761772,0.004989878493833569,-0.03895925178354288,-0.026780887583400706,False
F2_z20_num54,-0.00503930378729619,0.0070736421977248285,0.0010171692052143191,0.0018904402790804518,-0.005938692821123635,-0.02688159957212118,-0.013615516796920565,False
F2_z20_num55,-0.005867128747509268,0.008122240176832928,0.0011275557146618299,0.006461546607145101,0.0738472122567221,0.03935236538617809,0.016236850052013783,False
F2_z20_num56,0.011225989082388066,0.01948239161304983,0.015354190347718948,0.01226567575012714,0.02270040988725874,0.006174322598846935,-0.01007004525695158,True
F2_z20_num57,-0.003996408430861002,0.02552162915363058,0.010762610361384789,0.009807614122559658,-0.032836818540042376,-0.08365780254871412,-0.056479429314021556,False
F2_z20_num58,-0.007854415307418268,-0.0028462649444360878,-0.005350340125927178,-0.0016930091110211323,0.07314074470584381,0.10016708139419267,0.05873970386822422,False
F2_z20_num59,-0.007582323044023459,0.004917903083379281,-0.0013322099803220887,0.00019182183395247498,0.022683675715465788,0.0036629856118685937,0.0029701093184720333,False
F2_z20_num60,-0.004221804273510964,0.010206209307816764,0.0029922025171529,0.00789347421285633,0.007013762262931924,-0.03259591494437866,-0.01928334105894878,False
F2_z20_num61,-0.005462449184492398,0.012695931706567376,0.003616741261037489,0.007020888264976646,0.006601211292864555,-0.028344911539255953,-0.018343478248689954,False
F2_z20_num62,-0.002744387763242045,-0.002555860938612385,-0.002650124350927215,-0.0004948089701020094,0.011140067639487276,0.0017069743689848865,0.002088737602809449,False
F2_z20_num63,-0.006827355630290117,0.0002648483670785769,-0.0032812536316057703,0.0007406572644033214,-0.0013652765521713793,-0.002454144327063052,7.328283116375423e-05,False
F2_z20_num64,-0.013490858948716036,-0.01054095393122236,-0.012015906439969198,-0.003615237608100877,0.03710786890892069,0.028224805220033903,0.019575122014746205,True
F2_z20_num65,-0.010156688363444358,-0.003454716792574268,-0.0068057025780093134,-0.0022129657018333604,0.0011347279048689917,0.010857002285269453,0.007057745877281959,False
F2_z20_num66,-0.016001944521936207,-0.019314502084654947,-0.017658223303295577,-0.007133323609281113,0.05693738502379744,0.06413910106948593,0.03986839761546602,True
F2_z20_num67,-3.669502045751086e-05,-0.02384730447841124,-0.011941999749434376,-0.011531914773817212,-0.011931909626651445,0.020651559436304145,0.030686049077792203,True
F2_z20_num68,-0.024805567540688182,-0.030603759345365758,-0.02770466344302697,-0.016232135489898922,0.11562237107691017,0.08873001133219885,0.07768340345819581,True
F2_z20_num69,-0.023599177888243117,-0.028840139098678486,-0.0262196584934608,-0.016328770626968418,0.11451072323227626,0.09067140994112287,0.0762034593460493,True
F2_z20_num70,-0.0013380967916414748,-0.023997371735335945,-0.01266773426348871,-0.008858736097745722,-0.01717226825505613,0.008635445636900019,0.022077251447029902,True
F2_z20_num71,-0.023529194185731038,-0.022441956379955504,-0.02298557528284327,-0.015477985784232078,0.008878482451148712,0.027203110137589668,0.04326815590808722,True
F2_z20_num72,-0.016050573585543897,-0.030930398148392383,-0.02349048586696814,-0.008248301746002678,0.044400038798980024,0.0581498300759332,0.05188781279446827,True
F2_z20_num73,-0.010563147206231954,-0.024368120634549812,-0.017465633920390883,-0.0017403011903373506,0.05152791145497545,0.06251842489708438,0.054425831475113436,True
F2_z20_num74,-0.011770431761504585,-0.027043953922559462,-0.019407192842032024,-0.0014623196785382507,0.04607823238472198,0.07039328514995849,0.06396754899667371,True
F2_z20_num75,-0.010340773131819924,-0.015253400958891961,-0.012797087045355943,0.0029260952806731497,0.04606052312083121,0.041137886076012785,0.038536159599134395,True
F2_z20_num76,-0.012040383850860042,-0.025110704448991095,-0.018575544149925568,-0.005893461653161929,0.03184438306842299,0.04829290956094667,0.04766345816487676,True
F2_z20_num77,-0.014730490210372465,-0.018121563100924352,-0.016426026655648407,-0.004604495388989903,0.05015015650339394,0.04161568170950693,0.04785917990544586,True
F2_z20_num78,0.007311298273996998,0.005348577983850906,0.006329938128923952,0.0034087091848941002,-0.0049784914425856875,-0.01461853583883142,-0.016719703166872053,False
F2_z20_num79,-0.005399077631915771,-0.0037942402245804796,-0.004596658928248125,0.0032263748025613335,-0.0024136308706181977,-0.016830167457173403,-0.008454390036296841,False
F2_z20_num80,-0.005154442944178226,-0.007513291671643757,-0.006333867307910992,-0.00534164267098578,0.03897666948161611,0.028794474299672496,0.03401771412219916,False
F2_z20_num81,-0.007857013278431638,-0.00509241239342564,-0.006474712835928639,-0.0054492939131908025,0.019183657268776196,0.0335294650887453,0.024318654933773172,False
F2_z20_num82,-0.023372878715825655,-0.012364307131457286,-0.01786859292364147,-0.007741825797166913,0.04660941241319731,0.02923534533559085,0.02248565261917663,True
F2_z20_num83,-0.011748804107908696,-0.010154168508182855,-0.010951486308045776,-0.005507769795553704,0.026782699635077904,0.04204892166914243,0.023417064723834802,True
F2_z20_num84,-0.018152847732652102,-0.02170835095942644,-0.01993059934603927,-0.009028688680710219,0.03585497423174614,0.04080271204926125,0.034935854268961494,True
F2_z20_num85,-0.01961201931342187,-0.01892416383583246,-0.019268091574627166,-0.0092031512242993,0.07083665193949003,0.036397895335469985,0.0353487876658054,True
F2_z20_num86,-0.01888706167633053,-0.025255756628785975,-0.02207140915255825,-0.00826791831646564,0.044692525660387825,0.04650299998029444,0.038250634886147154,True
F2_z20_num87,-0.010897842106753639,-0.020226220448233297,-0.015562031277493468,-0.00443990939913551,0.04986213859858569,0.03455262684077826,0.0244291614469951,True
F2_z20_num88,0.0004168264482394429,-0.012059290145142612,-0.005821231848451585,-0.000780940057062834,0.011916898659977245,0.024102490607305092,0.011968173103936759,False
F2_z20_num89,0.0032564991440452336,-0.0019948567661617405,0.0006308211889417465,-0.000175087329374289,0.00020092422501098714,0.0029768450898025765,0.002524763325716031,False
F2_z20_num90,-0.021222170258752282,-0.02027727647521195,-0.020749723366982116,-0.0002536387762446345,0.05653748171798551,0.09355695510377643,0.06624467120223057,True
F2_z20_num91,-0.013965207901704146,-0.008143250244132908,-0.011054229072918528,0.006088249555578864,0.024144256219023563,0.04374910578131699,0.02722405149730687,True
F2_z20_num92,-0.010694812102837455,-0.006864615036690339,-0.008779713569763897,-0.005826062290362704,0.09120698414179597,0.01968178960710609,0.014497431570594693,False
F2_z20_num93,-0.00407428071984794,-0.0069554102255864475,-0.005514845472717194,-0.0019458022358271913,0.042438516172548985,0.010116806933791496,0.0056390812218359695,False
F2_z20_num94,0.0023282432882917718,-0.019924775702973734,-0.00879826620734098,-0.00844124149366344,-0.0005164732608048125,0.01138881162521063,0.023770762099932893,False
F2_z20_num95,0.00011643328369126854,-0.004573734429770166,-0.0022286505730394488,-0.0005547830960069259,-0.03904571581951457,-0.0030069060808939133,0.006122918345656152,False
F2_z20_num96,-0.005758417829033692,-0.01771481204740452,-0.011736614938219106,-0.0061620489339141325,0.039896630763897795,0.02664106957298914,0.021101212270309356,True
F2_z20_num97,-0.011223237389919366,-0.023115362682411815,-0.01716930003616559,-0.00919087866081748,0.05357979841361116,0.041891383504667416,0.03117334227686787,True
F2_z20_num98,0.0011174551910886697,-0.008116035082861782,-0.003499289945886556,-0.007774756355246121,0.019121640280343834,0.007731720830648239,0.007778975502969211,False
F3_z60_num0,-0.010416647816953777,-0.01926813628352659,-0.014842392050240183,-0.008643010416464496,0.07261192836602698,0.014285327268890046,0.027115001008494035,True
F3_z60_num1,0.008479095273893775,-0.0018229133857884181,0.003328090944052678,0.0034396657601863693,-0.029160644013874776,-0.0380618204052766,-0.007542052267128258,False
F3_z60_num2,-0.009919991184722384,-0.03436702150065301,-0.022143506342687698,-0.01778291577186222,0.07344149916192784,0.08097539950617365,0.0921467416245108,True
F3_z60_num3,0.0198985661650467,0.020148729005482,0.02002364758526435,0.020586346235172078,-0.019621274030600534,-0.0792520745925461,-0.06216136569495762,True
F3_z60_num4,0.011724472203841967,-0.007117111651458808,0.00230368027619158,0.0038500347430120807,-0.0036209823765608953,-0.025081174965584447,0.009357009049026603,False
F3_z60_num5,0.017924436217765162,-0.00035090346307752144,0.00878676637734382,0.0023661124217759476,-0.012108565972171949,-0.021742479735932903,-0.007439540052563552,False
F3_z60_num6,-0.01265181658953151,-0.045396178262979994,-0.029023997426255752,-0.04932554028571218,0.13257297408189156,0.23279914545842625,0.2215475048533055,True
F3_z60_num7,-0.04181339242086378,-0.05890058775655509,-0.05035699008870943,-0.0333007951150901,0.13534039694229977,0.20044749595569475,0.19077312210561195,True
F3_z60_num8,-0.04358707241158532,-0.062222315016407424,-0.05290469371399637,-0.039822640494238795,0.1453162212280331,0.21897171527814996,0.20981397804888186,True
F3_z60_num9,-0.016405172029848238,-0.04717112833517757,-0.03178815018251291,-0.05056544453659725,0.1428946308294579,0.241516687206058,0.22361718283693446,True
F3_z60_num10,-0.016579903185722326,-0.04135150997571307,-0.028965706580717697,-0.04648253688647419,0.13991073230005047,0.2218887544014365,0.2071318726208068,True
F3_z60_num11,-0.02990805461648381,-0.035536773753405505,-0.032722414184944655,-0.02282976287945708,0.08013723291288444,0.14279340899815066,0.14430073220205625,True
F3_z60_num12,0.0026403074580441757,-0.009838966649038028,-0.003599329595496926,-0.007643708432552601,0.04399626548825328,0.037446648323179815,0.0488483073566414,False
F3_z60_num13,-0.005782467152001455,-0.016928616510150537,-0.011355541831075996,-0.00779267049719785,0.01960847922129782,0.024359933332532065,0.0308282704182788,True
F3_z60_num14,0.007756109183818314,0.0007306475964817258,0.00424337839015002,-0.0045640616517503,0.03945425353694878,0.03272791944749545,0.03838419495547453,False
F3_z60_num15,0.006719684133567986,0.008946727655676358,0.007833205894622173,-0.00010040342414217634,-0.014570345300676258,-0.017432303019424236,-0.04319716430923738,False
F3_z60_num16,-0.013384473939777144,0.0023398659287955995,-0.005522304005490772,0.006319894627502255,-0.035116305762906246,-0.022640682603177736,-0.020034771125722002,False
F3_z60_num17,-0.0016883100446963449,-3.86242603235016e-05,-0.0008634671525099232,0.0007125179518230925,-0.0012963988766484479,-0.00014586622058298827,0.001006577462729763,False
F3_z60_num18,-0.0014059864945922943,-0.0007338103296496507,-0.0010698984121209724,-0.001209709355526187,-0.0025232913030501284,0.0006075271889443085,0.0016854598906590706,False
F3_z60_num19,0.0006132148441230015,0.0005014517205784352,0.0005573332823507184,-0.0004202701376864975,0.0011168911052519795,0.0004812632901004035,0.0036519856453331428,False
F3_z60_num20,-0.0016890071566277335,-0.0003933137036992012,-0.0010411604301634673,0.00046986521217118874,-0.00098256338228956,-0.00018856739396969264,0.00024715656909483094,False
F3_z60_num21,0.0010299701789551281,0.0009620417278580506,0.0009960059534065892,-0.0006706569888741803,0.0005893483713878987,0.0002902432756350934,0.0014635448216431942,False
F3_z60_num22,0.0010724678158674785,0.0011293724992265948,0.0011009201575470366,-0.00025051603342750095,-0.0004310626475756603,0.000314500814821086,0.0018111541616375674,False
F3_z60_num23,-0.0010712528253362691,0.0002313531143542199,-0.0004199498554910246,-0.0008729377904530284,0.00012956843229043388,-0.0002294824701778764,4.023980411268092e-06,False
F3_z60_num24,0.00021745438163728268,0.00013370160617796127,0.00017557799390762198,-5.775328131612187e-05,-5.374972063182325e-06,-2.4163667270655958e-05,0.005346447402610437,False
F3_z60_num25,0.0006599294833911491,0.0006668169014262785,0.0006633731924087138,-0.0006298523715973916,0.001311143454784214,0.0005845894180922377,0.0044275208963226,False
F3_z60_num26,0.008969625932207903,0.0018881994429305567,0.00542891268756923,0.01048870319033641,0.022128558750167674,0.004569406334789249,0.007843601428127853,False
F3_z60_num27,0.007822438087981508,0.0040553641543935775,0.0059389011211875425,0.008100452013854693,0.01813260570950986,0.0020857715097886646,0.0028525950929564974,False
F3_z60_num28,-0.0017676006033628263,-0.002019354665595718,-0.0018934776344792723,0.00420853479205566,0.007530549725307091,0.016165105828324044,0.009107989837400443,False
F3_z60_num29,0.007597560282932345,0.007560029679348826,0.007578794981140585,0.01570606638535236,0.006352472170332289,-0.010941849014729754,-0.0016135619913133087,False
F3_z60_num30,-0.008410980398528148,-0.00950594072289227,-0.008958460560710209,-0.008831562329468353,0.08018974676024375,0.005837362812732931,0.010890102235410341,False
F3_z60_num31,-0.016872200889755884,-0.012376168601008474,-0.014624184745382178,-0.005681779144991933,0.033854098798572374,0.036408218224533745,0.018551953392063687,True
F3_z60_num32,-0.014758023682026335,-0.010970654835391992,-0.012864339258709164,-0.003923955530248107,0.02342160668143276,0.023040617685051907,0.010888627724262499,True
F3_z60_num33,-0.013973855705584924,-0.013565044720741371,-0.013769450213163148,-0.004541134800459085,0.0186652895139541,0.02193105667987256,0.011137917654358039,True
F3_z60_num34,0.005347791276813704,0.02129989259725537,0.013323841937034538,0.014324629660960365,-0.05482864785561254,-0.07172674375222136,-0.07161207843444808,True
F3_z60_num35,0.007372026857106378,0.016167434994008238,0.011769730925557309,0.009008285869824564,-0.04171446488317074,-0.060837281741077685,-0.04964136426912472,True
F3_z60_num36,0.0073432556426554175,0.012167750591481386,0.009755503117068402,0.006446547103212584,-0.033734377678716385,-0.04552803283934844,-0.040060027987839364,False
F3_z60_num37,-0.005198086419046018,0.004178064645826319,-0.0005100108866098493,-0.0032954634000703638,0.012600595068545073,-0.03424493788408668,-0.021756410475159593,False
F3_z60_num38,-0.02344530412473747,-0.05218983995015503,-0.03781757203744625,-0.021807374331314796,0.07066251045527838,0.11966929667930698,0.10195030431113543,True
F3_z60_num39,-0.02392955134337261,-0.03765242330631427,-0.03079098732484344,-0.017259362378797122,0.09019582929870647,0.13372310273921761,0.10177240409813802,True
F3_z60_num40,-0.0251582616266306,-0.016802064787179372,-0.020980163206904986,-0.006146339659796469,0.1263585296477301,0.1608687087626685,0.10261284450725297,True
F3_z60_num41,-0.034091575609611055,-0.05603075099738672,-0.04506116330349889,-0.020950650114646786,0.07837944114051912,0.1205174213161646,0.0999338161777458,True
F3_z60_num42,-0.017331453310386175,-0.009587913717129646,-0.013459683513757911,-0.0029902792543039444,0.10677934995969375,0.12846478168177955,0.0767835331122405,True
F3_z60_num43,-0.01924477738901392,-0.025458902761541134,-0.022351840075277525,-0.00819556919283386,0.06753964804246297,0.05264265733887919,0.04195586986767644,True
F3_z60_num44,0.00016613428816268977,-0.010691169322862248,-0.005262517517349779,0.0021453103603198682,0.02285880481777304,0.012853350868463672,0.021674818944922302,False
F3_z60_num45,-0.00455955938585056,-0.016408185837939075,-0.010483872611894818,-0.00678312198040134,0.039783741010054385,0.02178276469727051,0.020291805441451736,True
F3_z60_num46,-0.013475021236189814,0.00033408592298984755,-0.0065704676565999836,0.0023701525245678934,0.0003253941111800282,-0.02639471741192987,-0.010690857737904048,False
F3_z60_num47,-0.021098094504937027,-0.024443000485182168,-0.0227705474950596,-0.008755871807005761,0.032433121476053164,0.04974887738474787,0.04821090042933604,True
F3_z60_num48,-0.024162495706258585,-0.029070492811005325,-0.026616494258631954,-0.009327098880285966,0.03911525236166081,0.07507626851687212,0.0670722726984223,True
F3_z60_num49,-0.028460887700867063,-0.016416159868579257,-0.02243852378472316,-0.0033274534803519676,0.04722783701121132,0.03849577846385454,0.04848839908886253,True
F3_z60_num50,-0.02954914552566512,-0.018070649472622127,-0.023809897499143626,-0.00472916332368635,0.05223690603099038,0.04599715460307106,0.054407880481227924,True
F3_z60_num51,-0.028556169962433715,-0.012698523098667,-0.02062734653055036,-0.002740080968101627,0.049551280468721245,0.039486361530985295,0.04647392484045659,True
F3_z60_num52,-0.025249488783252887,-0.006541941368183008,-0.015895715075717947,0.0009417702407707529,0.039631433145094486,0.0187643390360309,0.022062393823010246,True
F3_z60_num53,-0.00010735245603418052,0.016780327657166482,0.00833648760056615,0.012624226070654838,-0.014101145027649033,-0.0812390445673014,-0.05727076869240381,False
F3_z60_num54,-0.003798880424555462,0.008480106776602213,0.002340613176023375,0.006209119317220265,-0.01662212840864337,-0.054536324196786064,-0.02574140715947424,False
F3_z60_num55,-0.0070898435669066034,0.006717485852219161,-0.00018617885734372114,0.006012019143505808,0.0768056693611677,0.045030818153276864,0.01948912111266821,False
F3_z60_num56,-0.010144143888191083,0.01790640409721508,0.003881130104511999,-0.0004995106727794332,0.03407809769017923,0.03808082702655432,0.011308444038400079,False
F3_z60_num57,0.0033456167860892298,0.03704483579974675,0.020195226292917992,0.017561465950763553,-0.0569173227829601,-0.1383811740235899,-0.09953633704058784,True
F3_z60_num58,-0.015224916655872481,-0.006219959255415556,-0.010722437955644018,-0.0031262300518551237,0.09823029286558722,0.12356298941840696,0.07262778716803138,True
F3_z60_num59,-0.006206144236318317,0.007103152412122932,0.00044850408790230757,-0.00029216321377989,0.02311287284926834,-0.001268482768652213,-0.004134696194978659,False
F3_z60_num60,-0.002319235617664363,0.015068176405866903,0.00637447039410127,0.011160478928360132,0.0031370160178106374,-0.06233649080610729,-0.04114604339811651,False
F3_z60_num61,-0.0031872173758680307,0.01802094817504307,0.007416865399587519,0.011394856304434651,0.0015401769265634365,-0.0591500998703715,-0.04156068372481383,False
F3_z60_num62,-0.007140071983776413,-0.0018838914862850898,-0.0045119817350307515,-0.0022893416525995463,0.021396320808665034,0.02053001742393074,0.018616931232023327,False
F3_z60_num63,0.001246295734517711,0.0030922508680558316,0.0021692733012867713,0.0009026181376509033,-0.029398363465518915,0.0018075184273153497,0.001971177719552094,False
F3_z60_num64,-0.016922444388128736,-0.01459480402514552,-0.01575862420663713,-0.0059564479385137625,0.04788068161771672,0.05721090229393229,0.039788721677425136,True
F3_z60_num65,-0.009272683025606894,-0.005099921396468767,-0.00718630221103783,-0.0068823806139903495,-0.0026016226993140117,0.02393193348231011,0.019222483777316193,False
F3_z60_num66,-0.021798712622130963,-0.02700615754730283,-0.024402435084716897,-0.016796710533910453,0.08729677088207269,0.11799075047000275,0.0709905722587663,True
F3_z60_num67,-0.001829546833406788,-0.025100796800988995,-0.013465171817197892,-0.014604858334516692,-0.023469492913556295,0.0044040734451775395,0.029753956265711482,True
F3_z60_num68,-0.027362572990871983,-0.03840805804295282,-0.0328853155169124,-0.0218973277421833,0.10665344508826147,0.14569084869926524,0.09482115156495989,True
F3_z60_num69,-0.025625800274645404,-0.036432100831509835,-0.031028950553077618,-0.02157086853386829,0.10701261114093587,0.15086371788048206,0.09644934178544583,True
F3_z60_num70,-0.0016268869376356943,-0.02279449640784873,-0.012210691672742214,-0.007375047932175044,-0.02424001661553584,-0.008648650069205266,0.017691805895673325,True
F3_z60_num71,-0.01872901136168967,-0.018854512832146644,-0.018791762096918158,-0.008478600891024077,0.006407146721035437,0.008411863237763125,0.024740108600214073,True
F3_z60_num72,-0.021375505754660917,-0.043688416291133056,-0.03253196102289699,-0.019041445473152827,0.0663082944288669,0.1002916510769906,0.08604427502214888,True
F3_z60_num73,-0.018027300046955345,-0.0361822753790106,-0.027104787712982973,-0.014728592632684745,0.08274386511860865,0.11612097297369844,0.09493869525101668,True
F3_z60_num74,-0.017970981099049384,-0.03934420822770254,-0.028657594663375963,-0.015160187480386821,0.07477164714881569,0.12614080427690266,0.10604926888092836,True
F3_z60_num75,-0.018211717340414543,-0.023452001199726576,-0.020831859270070557,-0.004285143465818188,0.07013408281175369,0.07372762133988935,0.06396809913384842,True
F3_z60_num76,-0.016146104275980278,-0.036354693457477764,-0.026250398866729023,-0.015877316554740763,0.0485648459650247,0.08740683254450714,0.07948588763858293,True
F3_z60_num77,-0.021496786441558748,-0.02557938700150274,-0.023538086721530745,-0.01270263116373324,0.07212663218388135,0.06531640842209212,0.08028204704023013,True
F3_z60_num78,-0.003936312554225026,0.008389568757963251,0.0022266281018691126,0.0009760440764151947,0.008230142359440315,-0.018430502474774773,-0.013415476476995373,False
F3_z60_num79,-0.00712532055007289,-0.0012738858568349578,-0.0041996032034539235,0.003350923368309219,0.010599201108225386,-0.026219185606579116,-9.90941912609726e-05,False
F3_z60_num80,-0.005753363419818472,-0.009429338108677703,-0.007591350764248087,-0.004721651575815254,0.044039631902090634,0.03538451977767897,0.04275237013645113,False
F3_z60_num81,-0.009764192613981551,-0.008695420650115287,-0.009229806632048419,-0.005735296258055422,0.05720090431256212,0.048646746056668695,0.04950883005194595,False
F3_z60_num82,-0.014986022430197175,-0.011119872178479998,-0.013052947304338586,-0.004731563279368934,0.025648953695661617,0.03441447498288194,0.01887731686416519,True
F3_z60_num83,-0.01611365941496486,-0.0107250307912896,-0.01341934510312723,-0.006119564310060935,0.03549196861464671,0.04829000859703541,0.027334475066012557,True
F3_z60_num84,-0.021211438574254254,-0.02609864728415369,-0.023655042929203972,-0.010612946622213484,0.045591123258707164,0.057455001486696404,0.04832372977228476,True
F3_z60_num85,-0.023331623438452742,-0.02283861528702557,-0.023085119362739156,-0.008947760530363265,0.0844440612521703,0.05101717865288956,0.04811358221915519,True
F3_z60_num86,-0.024340611387816388,-0.028813689801945784,-0.026577150594881086,-0.009878891924772091,0.05921027547805844,0.06655387439230867,0.052708236438233955,True
F3_z60_num87,-0.015637763824373808,-0.024830250976089895,-0.020234007400231853,-0.003835059280244566,0.06591479834575126,0.051426847188620624,0.03307086349800704,True
F3_z60_num88,-0.0027948913072178435,-0.013792111962168202,-0.008293501634693022,-0.003635825273882614,0.021306716806713928,0.04774650157027242,0.02347520052047882,False
F3_z60_num89,0.0024690133012948545,-0.003017092721126735,-0.0002740397099159403,-0.003225030649517718,0.0014955678784440854,0.0078057538411693385,0.0013859631965616672,False
F3_z60_num90,-0.029985476956014,-0.028243543619485792,-0.029114510287749897,-0.010076086569799202,0.09204781377989452,0.15230793128024026,0.10762406564269103,True
F3_z60_num91,-0.01835917567525723,-0.011249939967149989,-0.01480455782120361,0.000878792069123595,0.0429351063984438,0.07720756286239554,0.05214717621141065,True
F3_z60_num92,-0.014185981427958114,-0.009755216505883565,-0.01197059896692084,-0.0019305143552573933,0.1061614780850165,0.0365922235750601,0.031581178652750105,True
F3_z60_num93,-0.006396001760254627,-0.009933402582836613,-0.00816470217154562,-9.45209808679428e-05,0.05602163151508199,0.022732873014698986,0.016965439153498626,False
F3_z60_num94,0.0027281461596116185,-0.01964637530073569,-0.008459114570562035,-0.007178323442960305,-0.0024950815243150746,0.0024475434587492794,0.021454403205813717,False
F3_z60_num95,0.01041227430011374,-0.00404953602613747,0.003181369136988135,-0.0024908965561222392,-0.04281962095678546,-0.030437437324197496,-0.014467071193329665,False
F3_z60_num96,-0.010781203241362641,-0.0207758269416169,-0.01577851509148977,-0.006557757032320352,0.05113181419156514,0.04532439611046271,0.03576939609395982,True
F3_z60_num97,-0.017058317920777295,-0.02853838020528332,-0.022798349063030306,-0.010726662706377621,0.06304666713546907,0.06537049471273954,0.04839130297677347,True
F3_z60_num98,0.002046705033181238,-0.008799263690933201,-0.0033762793288759814,-0.0012640912759146444,0.020138375315702846,0.014985158165365161,0.014360261362751519,False
F4_rank_num8,-0.055692624934579694,-0.056376711707091264,-0.05603466832083548,-0.0868073384045012,0.4739998176388844,0.46591985558359,0.3111289163271289,True
F4_rank_num11,-0.053318102370169915,-0.056034796573052534,-0.054676449471611224,-0.07532404319472157,0.3850667475033774,0.4095782968371952,0.31733284526210026,True
F4_rank_num57,0.05848070533908237,0.061473929347173,0.05997731734312768,0.05127463796743273,-0.25444840999446466,-0.2782355603188568,-0.28218412233147755,True
F4_rank_num41,-0.044975936529037676,-0.06630883264752944,-0.055642384588283564,-0.04261965885023125,0.30464393049375443,0.2722174263090835,0.29452756197247115,True
F4_rank_num90,-0.05187504619862439,-0.04117737613290437,-0.04652621116576438,-0.053787793463125705,0.2964562585805456,0.3357143459305313,0.2860576401622327,True
F4_rank_num68,-0.0476181931412367,-0.02983801838643388,-0.038728105763835285,-0.07552636498485547,0.3048879953446941,0.34419343914839484,0.1705572241231113,True
F4_rank_num39,-0.047028434397411265,-0.05471443048737586,-0.05087143244239356,-0.050852604091768575,0.1969787852918394,0.25050878679357885,0.29413484943150064,True
F4_rank_num40,-0.04429331331825606,-0.02032071734278104,-0.03230701533051855,-0.026776369261225237,0.2876874518487217,0.25725998533308087,0.2209651841067718,True
F4_rank_num73,-0.031089270673757628,-0.04520810344354231,-0.03814868705864997,-0.051067905530784545,0.23220363216918996,0.24614634477799943,0.27876955176863305,True
F4_rank_num47,-0.03763993898089101,-0.03720674364471101,-0.037423341312801006,-0.03178008908640543,0.19324308319941755,0.18041655735643738,0.1978536825804059,True
F4_rank_num53,0.024587625721065386,0.016213586087785784,0.020400605904425585,0.049554765309252395,-0.22670850604956322,-0.24574993764138728,-0.15862834907471707,True
F4_rank_num72,-0.04235116022742494,-0.05860607356948992,-0.05047861689845743,-0.059058311494523896,0.1474287848927742,0.23350227112059135,0.2753798668064339,True
F4_rank_num48,-0.03546998899067218,-0.028919198699160202,-0.032194593844916186,-0.02644549145566508,0.15757117852743757,0.16701201433351162,0.1894973147214139,True
F4_rank_num74,-0.03803582513864398,-0.046982794579167944,-0.04250930985890596,-0.061316295182465994,0.23246713547936396,0.2853242472025303,0.3160291171142751,True
F4_rank_num86,-0.03432848222086888,-0.03662995848423218,-0.03547922035255053,-0.029728951644555773,0.12935228560635734,0.17496569549396782,0.15362290953902158,True
F4_rank_num38,-0.038618172957882675,-0.06578653393159349,-0.05220235344473809,-0.05924038748144,0.14476764615736007,0.2109953544121704,0.29723191446341746,True
F4_rank_num50,-0.04031676537954988,-0.03112156250787592,-0.0357191639437129,0.0028345516411632937,0.08962361644794561,0.037629147077153854,0.10530447016844029,True
F4_rank_num3,0.03799410228003504,0.03674857237663095,0.03737133732833299,0.03920063658498065,-0.07092754566072676,-0.1643097588048305,-0.14025082846708078,True
F4_rank_num42,-0.03436436421395867,-0.011575313433617155,-0.022969838823787912,-0.01344754286877935,0.2381208839022217,0.17437071313363067,0.15382941973745146,True
F4_rank_num71,0.023597640133932868,0.0017189482572068488,0.012658294195569858,0.0507893152445961,-0.23633793943504405,-0.25430349061487445,-0.12717837971711937,True
F4_rank_num87,-0.02812415171251037,-0.026662144059180833,-0.0273931478858456,-0.016279913765423277,0.17118208965082823,0.12046141077286526,0.0961403443981808,True
F4_rank_num49,-0.039378607495563454,-0.027907346425945306,-0.033642976960754384,0.0008250975536664138,0.103091078618784,0.05223152679836136,0.09191745269006385,True
F4_rank_num4,0.026687084932283448,0.011320101294739883,0.019003593113511665,0.008155347031576736,0.001838916422726081,-0.030828894969016588,-0.014308780932680579,True
F4_rank_num55,-0.03193879969910013,-0.00897470138921015,-0.02045675054415514,-0.004891234406990586,0.1855304091831334,0.13446812727209886,0.11458603494266864,True
F4_rank_num85,-0.027223547144830055,-0.02008097627286097,-0.02365226170884551,-0.01809716260554267,0.15072714818595562,0.1202578232676692,0.10389385036825957,True
F4_rank_num75,-0.023687488808281122,-0.03498444507334242,-0.02933596694081177,-0.013412267766806747,0.1614800749308894,0.11332179746730434,0.1773030068359577,True
F4_rank_num56,-0.011742091150698027,0.004532077470833699,-0.0036050068399321638,-0.04708986144162585,0.2050379569428272,0.24431918857445598,0.12956733502161494,False
F4_rank_num76,-0.03229444726760082,-0.0450988011296388,-0.038696624198619814,-0.05455997329684503,0.11516626522300066,0.21279700609910498,0.2515886654792893,True
F4_rank_num51,-0.03541196094212854,-0.022239148277928427,-0.028825554610028482,0.010495943467418205,0.05471446054103593,0.0019786101202839217,0.05697931512323814,True
F4_rank_num67,0.01825060375305164,-0.0030630391870429155,0.007593782283004362,0.041191066397587586,-0.20225688544080345,-0.21960218190092815,-0.10837408216679303,False
F4_rank_num88,-0.02079424814038798,-0.013014069237120052,-0.016904158688754015,-0.022498288843896846,0.12549244095575282,0.1419789772327753,0.06298590825740648,True
F4_rank_num61,0.02636380822070737,0.021876036461228744,0.024119922340968058,0.03334614490197222,-0.07161415416105604,-0.1620418807796511,-0.12877636976348736,True
F4_rank_num79,0.006830848239994514,0.017940097896028993,0.012385473068011753,0.012692828613796149,0.04289935505828121,-0.003085014006087584,0.010689004801401307,True
F4_rank_num1,0.02686123396896027,0.020880114294100454,0.023870674131530364,0.016959354505858004,-0.0743606104963855,-0.07604706779838814,-0.07575218948069137,True
F4_rank_num91,-0.021778855826203137,-0.012888354734876779,-0.017333605280539958,-0.025514793550242245,0.13358282573616592,0.18187243928706004,0.14971593447571613,True
F4_rank_num84,-0.02722277863022661,-0.027901094505094023,-0.027561936567660317,-0.03213991031403269,0.057757352933559415,0.13994152253040698,0.11716010227753364,True
F4_rank_num15,0.024407117257427866,0.011378648533860865,0.017892882895644367,0.0004696707776963239,-0.015610842007904868,-0.011149044007910213,-0.04793949625650202,True
F4_rank_num60,0.025880977991404257,0.01896332884984743,0.022422153420625843,0.02999583398445849,-0.0587862403337402,-0.15439211859505306,-0.11565304019567928,True
F4_rank_num64,-0.020556592304931582,-0.01851614520342313,-0.019536368754177358,-0.026967654612369076,0.07801198761183731,0.12998936783482623,0.10300805485513485,True
F4_rank_num43,-0.020968480878168317,-0.011982226824452616,-0.016475353851310465,-0.011047387221421106,0.16998603841998594,0.08012079625747492,0.07214455839040458,True
