experiment,artifact,baseline,causal_status,train_range,valid_range,local_rank_ic,online_rank_ic,prediction_path,prediction_sha256,metrics_path,metadata_path,status,decision,changed_variable
exp_001_linear_baseline,prediction.npy,missing,not_assessed,missing,missing,missing,missing,04_results/exp_001_linear_baseline/prediction.npy,57da1582c4b8f9aed8bea1012911af3d4e4b88ae6303e8a2fcea9baf68e48592,04_results/exp_001_linear_baseline/metrics.json,04_results/exp_001_linear_baseline/metadata.json,completed,missing,missing
exp_002_tcn_baseline,prediction.npy,missing,not_assessed,missing,missing,missing,missing,04_results/exp_002_tcn_baseline/prediction.npy,7b9cd7e831e3ae9a5374f35d870e5281d696ead4b1e66b1efc02af2ea71ec4e8,04_results/exp_002_tcn_baseline/metrics.json,04_results/exp_002_tcn_baseline/metadata.json,completed,missing,missing
exp_003_lgbm_rank,prediction.npy,missing,not_assessed,missing,missing,missing,missing,04_results/exp_003_lgbm_rank/prediction.npy,9d322401a2d8fedd38dea66b97578873e721f03eeb93575dbc8bdc2a1aef38e6,04_results/exp_003_lgbm_rank/metrics.json,04_results/exp_003_lgbm_rank/metadata.json,completed,missing,missing
exp_004_model_ensemble,prediction.npy,missing,not_assessed,missing,missing,missing,missing,04_results/exp_004_model_ensemble/prediction.npy,8e9f8439fb92ed032771cd2f1d2cdc2390b70f13ff59c45332e8b801b4396f4c,04_results/exp_004_model_ensemble/metrics.json,04_results/exp_004_model_ensemble/metadata.json,completed_not_promoted,missing,missing
exp_005_lgbm_feature_screen,missing,missing,not_assessed,missing,missing,missing,missing,missing,missing,04_results/exp_005_lgbm_feature_screen/metrics.json,04_results/exp_005_lgbm_feature_screen/metadata.json,historical_metrics_only,missing,missing
exp_006_lgbm_window_screen,prediction.npy,missing,not_assessed,missing,missing,missing,missing,04_results/exp_006_lgbm_window_screen/prediction.npy,d22e50922319ed7b1f9dbb26aab2d1bdf14fb78decb0fd6c15ede90dbf761955,04_results/exp_006_lgbm_window_screen/metrics.json,04_results/exp_006_lgbm_window_screen/metadata.json,completed,missing,missing
exp_007_recent_window_blend,prediction.npy,missing,not_assessed,missing,missing,missing,missing,04_results/exp_007_recent_window_blend/prediction.npy,fb7cf4518bfd2d43196609798652a15701670f130c51166a553e6bedbbdec9ae,04_results/exp_007_recent_window_blend/metrics.json,04_results/exp_007_recent_window_blend/metadata.json,candidate_not_submitted,missing,missing
exp_008_new_method,prediction.npy,missing,not_assessed,missing,missing,missing,missing,04_results/exp_008_new_method/prediction.npy,22359cc5eb97aa81ddaf369350c07c92063e97eab4aa134c572019e107512ec5,missing,missing,recorded,missing,missing
exp_009_anchor_recent_blend_cv,prediction.npy,missing,not_assessed,missing,missing,0.109928,missing,04_results/exp_009_anchor_recent_blend_cv/prediction.npy,8562706cc3a210db7ad2a067852050e22dcc32c8564f9347011d6fccafeef48c,04_results/exp_009_anchor_recent_blend_cv/metrics.json,04_results/exp_009_anchor_recent_blend_cv/metadata.json,submitted_online_best,missing,missing
exp_009_anchor_recent_blend_cv,prediction.npy,missing,not_assessed,missing,missing,0.109928,missing,04_results/exp_009_anchor_recent_blend_cv/preflight/prediction.npy,9d322401a2d8fedd38dea66b97578873e721f03eeb93575dbc8bdc2a1aef38e6,04_results/exp_009_anchor_recent_blend_cv/metrics.json,04_results/exp_009_anchor_recent_blend_cv/metadata.json,submitted_online_best,missing,missing
exp_010_anchor_enhanced_blend,prediction.npy,missing,not_assessed,missing,missing,missing,missing,04_results/exp_010_anchor_enhanced_blend/prediction.npy,9d322401a2d8fedd38dea66b97578873e721f03eeb93575dbc8bdc2a1aef38e6,04_results/exp_010_anchor_enhanced_blend/metrics.json,04_results/exp_010_anchor_enhanced_blend/metadata.json,completed_not_promoted,missing,missing
exp_011_stable_anchor_retrain,prediction.npy,missing,not_assessed,missing,missing,0.104988,missing,04_results/exp_011_stable_anchor_retrain/prediction.npy,4e5584016b77a8533410dddc2f3bb1c66ee75b0ff23aa92b1dfc20dfd3824863,04_results/exp_011_stable_anchor_retrain/metrics.json,04_results/exp_011_stable_anchor_retrain/metadata.json,recorded,missing,missing
exp_012_framework_base,prediction.npy,missing,not_assessed,missing,missing,missing,missing,04_results/exp_012_framework_base/prediction.npy,59a696ac917bc0cf82483c967c2fedaca17887e88619c2f3ac2bd7cec88f5cc5,04_results/exp_012_framework_base/metrics.json,missing,recorded,missing,missing
exp_012_model_zoo,missing,missing,not_assessed,missing,missing,missing,missing,missing,missing,missing,missing,recorded,missing,missing
exp_012_retrain_policy,missing,missing,not_assessed,missing,missing,missing,missing,missing,missing,04_results/exp_012_retrain_policy/metrics.json,missing,recorded,missing,missing
exp_013_stockmixer_recursive,prediction.npy,missing,not_assessed,missing,missing,missing,missing,04_results/exp_013_stockmixer_recursive/prediction.npy,4b61d76d34a90c16b33f91f5e411618e0d8191ff16bf4bc829407d1c86238131,04_results/exp_013_stockmixer_recursive/metrics.json,04_results/exp_013_stockmixer_recursive/metadata.json,completed,missing,missing
exp_013_stockmixer_recursive,prediction_raw.npy,missing,not_assessed,missing,missing,missing,missing,04_results/exp_013_stockmixer_recursive/prediction_raw.npy,a099ffb79f2839d63d32606163e5e221bb16345ac827d8dc8e45d0b02626f61c,04_results/exp_013_stockmixer_recursive/metrics.json,04_results/exp_013_stockmixer_recursive/metadata.json,completed,missing,missing
exp_013_stockmixer_recursive,prediction_smoke.npy,missing,not_assessed,missing,missing,missing,missing,04_results/exp_013_stockmixer_recursive/smoke/prediction_smoke.npy,de18b268e74bc9df6588f3673f32ad9cd91108dcb048cf40b5a5d1501799175a,04_results/exp_013_stockmixer_recursive/metrics.json,04_results/exp_013_stockmixer_recursive/metadata.json,completed,missing,missing
exp_014_anchor_residual_rankglu_v2,prediction.npy,missing,not_assessed,missing,missing,missing,missing,04_results/exp_014_anchor_residual_rankglu_v2/prediction.npy,8562706cc3a210db7ad2a067852050e22dcc32c8564f9347011d6fccafeef48c,04_results/exp_014_anchor_residual_rankglu_v2/metrics.json,04_results/exp_014_anchor_residual_rankglu_v2/metadata.json,full_completed,missing,missing
exp_015_drift_robust_rank,prediction.npy,missing,not_assessed,missing,missing,missing,missing,04_results/exp_015_drift_robust_rank/integrated_v2/full/prediction.npy,a45190d975d2c27fbf448f67fb86b30e490a4b1305e5b9fae51654c04a184ed3,missing,missing,recorded,missing,missing
exp_016_unified_expert_fusion,prediction.npy,missing,not_assessed,missing,missing,missing,missing,04_results/exp_016_unified_expert_fusion/full/prediction.npy,5721e5fa325ecce624755da65db6e0245f2e79857f14f6d61e4fed9d9c83c524,missing,missing,recorded,missing,missing
exp_016_unified_expert_fusion,prediction_pruned_no_dual_axis.npy,missing,not_assessed,missing,missing,missing,missing,04_results/exp_016_unified_expert_fusion/full/prediction_pruned_no_dual_axis.npy,cbd3b3fafd317479969bd6c82e51250971da4044676c3235283556572ecc00ca,missing,missing,recorded,missing,missing
exp_017,missing,missing,not_assessed,missing,missing,missing,missing,missing,missing,missing,missing,recorded,missing,missing
exp_018_cat5_ablation,prediction_1.npy,missing,not_assessed,missing,missing,missing,0.10701,04_results/exp_018_cat5_ablation/prediction_1.npy,a63d901fde201744259506dc07fb242f490c30f7d35431afa267b4371d81521b,04_results/exp_018_cat5_ablation/metrics.json,04_results/exp_018_cat5_ablation/metadata.json,recorded,not_promoted_evidence_only,T1.2 cat_5 ablation
exp_018_cat5_ablation,prediction_2.npy,missing,not_assessed,missing,missing,missing,0.10701,04_results/exp_018_cat5_ablation/prediction_2.npy,2db735a1e38f1bade3064489c926a88542e2ba3635de81c7c26aa7498ad4f799,04_results/exp_018_cat5_ablation/metrics.json,04_results/exp_018_cat5_ablation/metadata.json,recorded,not_promoted_evidence_only,T1.2 cat_5 ablation
exp_018_cat5_ablation,prediction_3.npy,missing,not_assessed,missing,missing,missing,0.10701,04_results/exp_018_cat5_ablation/prediction_3.npy,a63d901fde201744259506dc07fb242f490c30f7d35431afa267b4371d81521b,04_results/exp_018_cat5_ablation/metrics.json,04_results/exp_018_cat5_ablation/metadata.json,recorded,not_promoted_evidence_only,T1.2 cat_5 ablation
exp_018_cat5_ablation,prediction_4.npy,missing,not_assessed,missing,missing,missing,0.10701,04_results/exp_018_cat5_ablation/prediction_4.npy,0381358823c0f0de299348d9919ebad65c8904f0649c624ce4e72a2a8e624690,04_results/exp_018_cat5_ablation/metrics.json,04_results/exp_018_cat5_ablation/metadata.json,recorded,not_promoted_evidence_only,T1.2 cat_5 ablation
exp_019_conservative_router,prediction_1.npy,missing,not_assessed,missing,missing,missing,0.114914,04_results/exp_019_conservative_router/prediction_1.npy,064780eecc9006ec33eb816d7a988ef45d6c2fbabca0a546aa1795e9444a2e5f,04_results/exp_019_conservative_router/metrics.json,04_results/exp_019_conservative_router/metadata.json,recorded,not_promoted,T1.4 conservative router
exp_019_conservative_router,prediction_2.npy,missing,not_assessed,missing,missing,missing,0.114914,04_results/exp_019_conservative_router/prediction_2.npy,f1907e2d1800b15f7eebc1354ffddb0e09fe421c795cea6e59a1444aaf18a211,04_results/exp_019_conservative_router/metrics.json,04_results/exp_019_conservative_router/metadata.json,recorded,not_promoted,T1.4 conservative router
exp_019_conservative_router,prediction_3.npy,missing,not_assessed,missing,missing,missing,0.114914,04_results/exp_019_conservative_router/prediction_3.npy,45df15894d870ed53900fc253865df39c91e5c6ed5b715641a3ddc4b8bfbbbae,04_results/exp_019_conservative_router/metrics.json,04_results/exp_019_conservative_router/metadata.json,recorded,not_promoted,T1.4 conservative router
exp_019_conservative_router,prediction_4.npy,missing,not_assessed,missing,missing,missing,0.114914,04_results/exp_019_conservative_router/prediction_4.npy,ef275d93244095fed9d3bf0ad379f62cee258fe1cdf314c948f80ee71549916c,04_results/exp_019_conservative_router/metrics.json,04_results/exp_019_conservative_router/metadata.json,recorded,not_promoted,T1.4 conservative router
exp_019_conservative_router,prediction_5.npy,missing,not_assessed,missing,missing,missing,0.114914,04_results/exp_019_conservative_router/prediction_5.npy,6190004b29635a4f75ad96754ab8ad7afff104e49c41bed2b66a429dfcc9496b,04_results/exp_019_conservative_router/metrics.json,04_results/exp_019_conservative_router/metadata.json,recorded,not_promoted,T1.4 conservative router
exp_020_tabular_categorical,prediction_1.npy,exp021,not_assessed,missing,missing,missing,0.116252,04_results/exp_020_tabular_categorical/prediction_1.npy,812f7165deb4afd63659491d127dfe97a659ac4795db634f8b4b221df36b2f7e,04_results/exp_020_tabular_categorical/metrics.json,04_results/exp_020_tabular_categorical/metadata.json,recorded,promoted_online_best_pending_formal,exp_020_tabular_categorical
exp_021_retrain_head_router,prediction_1.npy,exp021,not_assessed,missing,missing,0.09097241756005069,0.116568,04_results/exp_021_retrain_head_router/prediction_1.npy,acd8ae2411f3b96ff01538face5a861b22f87443298194f5376b8e12d8e278b2,04_results/exp_021_retrain_head_router/metrics.json,04_results/exp_021_retrain_head_router/metadata.json,recorded,promoted_online_best_not_formal,exp_021_retrain_head_router
exp_022_tree_full_baseline,prediction_1.npy,missing,not_assessed,missing,missing,missing,missing,04_results/exp_022_tree_full_baseline/prediction_1.npy,e27e868385217f9eb205897efb30b6fa9ffbbf4df922c55fd2be0267030d95e4,04_results/exp_022_tree_full_baseline/metrics.json,04_results/exp_022_tree_full_baseline/metadata.json,recorded,missing,exp_022_tree_full_baseline
exp_022_tree_full_baseline,prediction_2.npy,missing,not_assessed,missing,missing,missing,missing,04_results/exp_022_tree_full_baseline/prediction_2.npy,5c8556831f488d0c14af5604b6d6969f3acec03b90c773a027d9ffb9239974de,04_results/exp_022_tree_full_baseline/metrics.json,04_results/exp_022_tree_full_baseline/metadata.json,recorded,missing,exp_022_tree_full_baseline
exp_022_tree_full_baseline,prediction_3.npy,missing,not_assessed,missing,missing,missing,missing,04_results/exp_022_tree_full_baseline/prediction_3.npy,54122cb76d3af4f14e9505c8f0021ab3ebcf74acebaab5eac7f980c42691222c,04_results/exp_022_tree_full_baseline/metrics.json,04_results/exp_022_tree_full_baseline/metadata.json,recorded,missing,exp_022_tree_full_baseline
exp_022_tree_full_baseline,prediction_4.npy,missing,not_assessed,missing,missing,missing,missing,04_results/exp_022_tree_full_baseline/prediction_4.npy,ba09ca5f488d0fcb6a0e64dfbeca8ec25bcf776581c2ee9a308aaecfc2973d2b,04_results/exp_022_tree_full_baseline/metrics.json,04_results/exp_022_tree_full_baseline/metadata.json,recorded,missing,exp_022_tree_full_baseline
exp_022_tree_full_baseline,prediction_5.npy,missing,not_assessed,missing,missing,missing,missing,04_results/exp_022_tree_full_baseline/prediction_5.npy,ef2f514eef6967963ea086508b4fa3d3358aecc51ea183f249934e6fe96c36ac,04_results/exp_022_tree_full_baseline/metrics.json,04_results/exp_022_tree_full_baseline/metadata.json,recorded,missing,exp_022_tree_full_baseline
exp_023a_future_shift,prediction_1.npy,missing,invalid_future_information_probe,missing,missing,missing,0.613402,04_results/exp_023a_future_shift/prediction_1.npy,49c5b514be9c030e61f02d89150c0f220781655d55f259c3a0005265a1bf5661,04_results/exp_023a_future_shift/metrics.json,04_results/exp_023a_future_shift/metadata.json,recorded,disqualified_rule_violation_not_promoted,exp_023a_future_shift
exp_023b_recursion,missing,missing,compliant_claim_recorded,missing,missing,missing,missing,missing,missing,04_results/exp_023b_recursion/metrics.json,missing,recorded,missing,missing
exp_023c_recursion_blend,prediction_1.npy,missing,compliant_claim_recorded,missing,missing,0.09666418212259895,0.111227,04_results/exp_023c_recursion_blend/prediction_1.npy,a217cd9ff429a819adf2ccc11811585c28a0d4c57dca8c9b5080423780e44320,04_results/exp_023c_recursion_blend/metrics.json,missing,recorded,not_promoted_regression,exp_023c_recursion_blend
exp_023d_final_blend,prediction_1.npy,missing,compliant_claim_recorded,missing,missing,0.0960331287786851,missing,04_results/exp_023d_final_blend/prediction_1.npy,7c42d2e2ca95417cf5a1f63e1ce51707237b83ad946c0ec2aa07eb8c0ba44d0d,04_results/exp_023d_final_blend/metrics.json,missing,recorded,missing,exp_023d_final_blend
exp_023e_anchor_surgery,prediction_1.npy,missing,compliant_claim_recorded,missing,missing,0.09784277523650815,0.119063,04_results/exp_023e_anchor_surgery/prediction_1.npy,6a18d8a9a2a24f7d4bbceb06747740756bb306f5eb60786b232233d179976487,04_results/exp_023e_anchor_surgery/metrics.json,missing,recorded,promoted_online_best_not_formal,exp_023e_anchor_surgery
exp_023f_multilag_surgery,prediction_1.npy,missing,compliant_claim_recorded,missing,missing,0.09868326980924354,0.119533,04_results/exp_023f_multilag_surgery/prediction_1.npy,014be452ea680b25147e6ae2fba9a2c8993d2bc516dde55edc713f3b5169993e,04_results/exp_023f_multilag_surgery/metrics.json,missing,recorded,promoted_online_best_not_formal,exp_023f_multilag_surgery
exp_023g_catboost_stack_surgery,prediction_1.npy,missing,compliant_claim_recorded,missing,missing,missing,0.11864,04_results/exp_023g_catboost_stack_surgery/prediction_1.npy,0baf50919db849bc0dc43de951df2861a5b39d341bd16fe63c12a09900fe7131,04_results/exp_023g_catboost_stack_surgery/metrics.json,04_results/exp_023g_catboost_stack_surgery/metadata.json,recorded,not_promoted,exp_023g_catboost_stack_surgery
exp_023h_ultimate_surgery,prediction_1.npy,exp021+anchor_surgery,compliant_claim_recorded,missing,missing,0.09946048287222131,0.11966,04_results/exp_023h_ultimate_surgery/prediction_1.npy,2fb9021f97d21827eee7102ddd386af7ce3b32fe4be14fcdbe9782860ee84877,04_results/exp_023h_ultimate_surgery/metrics.json,04_results/exp_023h_ultimate_surgery/metadata.json,online_best_pending_formal_promotion,online_best_pending_formal_promotion,exp_023h_ultimate_surgery
exp_024a_retrieval_diagnostic,missing,exp021_validation_and_exp016_strict_oof_proxy,preregistered_strict_causal,"[486,2918) expanding by evaluation window","[1459,3161), windows=[1459,1945),[1945,2432),[2432,2918),[2918,3161)",missing,missing,missing,missing,04_results/exp_024a_retrieval_diagnostic/metrics.json,04_results/exp_024a_retrieval_diagnostic/metadata.json,completed_rejected,stop_retrieval_route,historical_section_selection_method
exp_024b_retrieval_exploratory,prediction_1.npy,exp023h_ultimate_surgery,preregistered_strict_causal,"historical retrieval library [486,3161)",exp024a official Valid diagnostic +0.000637 but failed robustness gates,missing,0.120847,04_results/exp_024b_retrieval_exploratory/prediction_1.npy,6ff796c7c222bb3e9a55077014c1fc885dca368e3ac1bd29aecafb4e58e2be55,04_results/exp_024b_retrieval_exploratory/metrics.json,04_results/exp_024b_retrieval_exploratory/metadata.json,online_best_formally_promoted,online_best_formally_promoted,fixed_state_retrieval_rank_correction
exp_025a_direct_rank_objective_diagnostic,missing,exp021_validation_and_exp016_strict_oof_proxy,preregistered_strict_oof,"strict OOF [1459,2918), expanding","holdouts [1945,2432), [2432,2918), official Valid [2918,3161)",missing,missing,missing,missing,04_results/exp_025a_direct_rank_objective_diagnostic/metrics.json,04_results/exp_025a_direct_rank_objective_diagnostic/metadata.json,completed_rejected,stop_direct_rank_route,optimization_metric_exact_cross_sectional_spearman
exp_026a_causal_future_feature_proxy,missing,exp021_full_valid_frozen,preregistered_strict_causal,"[496,2918-shift) per feature-shift model","[2918,3146), capped so every forecast target remains inside Valid",missing,missing,missing,missing,04_results/exp_026a_causal_future_feature_proxy/metrics.json,04_results/exp_026a_causal_future_feature_proxy/metadata.json,completed_rejected,stop_causal_future_proxy_route,causally_forecasted_future_feature_proxy
exp_027a_retrieval_attribution,missing,exp024b_mechanism_on_exp024a_walk_forward_windows,preregistered_strict_causal_diagnostic,"[486,2918) expanding by evaluation window","[1459,3161), windows=[1459,1945),[1945,2432),[2432,2918),[2918,3161)",missing,missing,missing,missing,04_results/exp_027a_retrieval_attribution/metrics.json,04_results/exp_027a_retrieval_attribution/metadata.json,completed_rejected,inconclusive_keep_exp024b,historical_fingerprint_weighting_only
exp_028a_ordered_entity_residual,prediction_1.npy,exp016_static_strict_oof_proxy+exp021_full_valid_frozen+exp024b_test,preregistered_strict_causal,"strict OOF [1459,2918) expanding; final calibration adds official Valid [2918,3161)","holdouts [1945,2432),[2432,2918),official Valid [2918,3161)",0.07841653987914844,missing,04_results/exp_028a_ordered_entity_residual/prediction_1.npy,59b4a03eff7170ad89e4556105a22650dcf6c16df630052e52a5a44475cea61d,04_results/exp_028a_ordered_entity_residual/metrics.json,04_results/exp_028a_ordered_entity_residual/metadata.json,completed_rejected_evidence_only_prediction_generated,failed_gates_prediction_generated_evidence_only_not_promotable,ordered_stock_identity_residual_offset_only
final_submission,prediction.npy,exp_024b_retrieval_exploratory,preregistered_strict_causal,"historical retrieval library [486,3161)",exp024a official Valid diagnostic +0.000637 but failed robustness gates,missing,0.120847,04_results/final_submission/prediction.npy,6ff796c7c222bb3e9a55077014c1fc885dca368e3ac1bd29aecafb4e58e2be55,missing,04_results/final_submission/metadata.json,protected_formal_submission,user_authorized_promotion,fixed_state_retrieval_rank_correction
