feature,feature_index,train_mean_rank_ic,train_std_rank_ic,train_positive_rate,valid_mean_rank_ic,valid_std_rank_ic,valid_positive_rate,sign_agreement,valid_psi,test_psi,max_psi,valid_outlier_rate,test_outlier_rate,audit_action
num_25,25,nan,nan,nan,nan,nan,nan,False,9.083609165042342,6.040941119043561,9.083609165042342,0.0,0.0,disable_candidate
num_18,18,nan,nan,nan,nan,nan,nan,False,8.378959353685143,5.832197617167739,8.378959353685143,0.0,0.0,disable_candidate
num_19,19,nan,nan,nan,nan,nan,nan,False,8.138443934829535,5.853611184062093,8.138443934829535,0.0,0.0,disable_candidate
num_21,21,nan,nan,nan,nan,nan,nan,False,7.175653136793499,6.499873909298448,7.175653136793499,0.0,0.0,disable_candidate
num_22,22,nan,nan,nan,nan,nan,nan,False,7.093426756421998,7.163662557190812,7.163662557190812,0.0,0.0,disable_candidate
num_24,24,nan,nan,nan,nan,nan,nan,False,5.9764725080421295,3.0446684729312077,5.9764725080421295,0.0,0.0,disable_candidate
num_28,28,-0.0030662189447906094,0.07584162776327967,0.5125,0.004461030231135505,0.10056791457748523,0.48559670781893005,False,1.0106346382672409,0.7109357836888189,1.0106346382672409,0.2704389574759945,0.23403333333333334,disable_candidate
num_52,52,-0.009404743977695315,0.05807977748089671,0.4,0.018757082460681862,0.06004500640489439,0.6378600823045267,False,0.12261939905284978,0.1381406100974071,0.1381406100974071,0.014128943758573388,0.009411111111111111,disable_candidate
num_51,51,-0.024369170453643958,0.05385361819396641,0.3,0.010514972399425001,0.0685698948126736,0.5637860082304527,False,0.05967234789490101,0.11650591726325753,0.11650591726325753,0.020603566529492457,0.014466666666666666,disable_candidate
num_35,35,-0.009663758028489242,0.07140700970722529,0.4875,0.010272544135033606,0.06256441902737041,0.551440329218107,False,0.04343105908757161,0.09334184359286027,0.09334184359286027,0.02727023319615912,0.022322222222222222,disable_candidate
num_34,34,-0.009313640467734452,0.08522109828366559,0.5,0.01708261433203188,0.07366024226170269,0.6213991769547325,False,0.04663711215232929,0.07973380027459957,0.07973380027459957,0.030246913580246913,0.029133333333333334,disable_candidate
num_16,16,-0.0005972492616383107,0.08650576356477792,0.4875,0.010128011277022288,0.069445034660552,0.5267489711934157,False,0.02120957759574825,0.025819590090133817,0.025819590090133817,0.017270233196159123,0.021944444444444444,disable_candidate
num_65,65,0.006566147452715089,0.07544021273855284,0.5375,-0.01666559889945399,0.06940285167067299,0.43209876543209874,False,0.007710061556323165,0.020275046742520418,0.020275046742520418,0.0017146776406035665,0.001,disable_candidate
num_62,62,0.001201220092148643,0.0667789378923469,0.5125,-0.01911203818506753,0.06812428736799636,0.4279835390946502,False,0.004301189934633355,0.011488955479418556,0.011488955479418556,0.002551440329218107,0.0012444444444444445,disable_candidate
num_20,20,nan,nan,nan,nan,nan,nan,False,0.6370735094489107,0.6405237253246006,0.6405237253246006,0.32098765432098764,0.30333333333333334,downweight
num_53,53,0.02689525448593978,0.08839950459233137,0.6125,0.04954156905587481,0.11036524464755572,0.6625514403292181,True,0.178713423803576,0.2760718907185488,0.2760718907185488,0.03410150891632373,0.020155555555555555,downweight
num_47,47,-0.026264903828030484,0.0725971165514168,0.2875,-0.032716750728427654,0.06438770811240599,0.2716049382716049,True,0.18560826914387557,0.2730689509718063,0.2730689509718063,0.11286694101508916,0.11502222222222222,downweight
num_17,17,nan,nan,nan,nan,nan,nan,False,0.259260123311955,0.21749422774564345,0.259260123311955,0.0,0.013333333333333334,downweight
num_54,54,0.026566510781152262,0.09753560944053782,0.6375,0.02491138512654892,0.0930308192260832,0.6296296296296297,True,0.13272361786732156,0.23328236790556442,0.23328236790556442,0.0075445816186556925,0.004111111111111111,downweight
num_70,70,0.011300901173419222,0.11453977621257869,0.5375,0.054336249899172406,0.14480622754275008,0.6172839506172839,True,0.1084224737852131,0.17620786161023938,0.17620786161023938,0.052647462277091904,0.018733333333333334,downweight
num_72,72,-0.02805114599336277,0.10258533091128529,0.3875,-0.05987837885375953,0.09986624692461019,0.25102880658436216,True,0.12222909730974543,0.15957628821068104,0.15957628821068104,0.10039780521262003,0.10275555555555556,downweight
num_11,11,-0.04653521865037087,0.11261480382254627,0.375,-0.07781266086939878,0.12436124032700473,0.2674897119341564,True,0.11324362641822594,0.14081304425299915,0.14081304425299915,0.04962962962962963,0.03908888888888889,downweight
num_50,50,-0.03164570669845702,0.05459535011721609,0.275,0.0027003297005716138,0.06760845677884057,0.51440329218107,False,0.0814067201249544,0.13344553674599896,0.13344553674599896,0.021248285322359395,0.016066666666666667,downweight
num_23,23,nan,nan,nan,nan,nan,nan,False,0.044202092359449996,0.1300958892679235,0.1300958892679235,0.04938271604938271,0.03666666666666667,downweight
num_91,91,-0.022789561178510043,0.05605559296348525,0.3625,-0.02618301073860969,0.06527166127546948,0.35802469135802467,True,0.10077519752384709,0.10442120845313815,0.10442120845313815,0.0006035665294924555,0.0006222222222222223,downweight
num_90,90,-0.05017733324593404,0.07804576706978061,0.25,-0.0546191104125324,0.0832141142179287,0.25102880658436216,True,0.10363924539366806,0.0978942485043105,0.10363924539366806,0.00027434842249657066,0.00011111111111111112,downweight
num_6,6,-0.01171675024485107,0.18334227268410488,0.4875,-0.04886937063655297,0.1912089759017059,0.45267489711934156,True,0.10339648395102742,0.07539409200592587,0.10339648395102742,0.055857338820301784,0.04526666666666666,downweight
num_78,78,0.010026101971812687,0.045025449312304,0.6625,-0.006027503647176455,0.0517534283877948,0.49382716049382713,False,0.049854996843858274,0.10066994106559643,0.10066994106559643,0.044087791495198904,0.016966666666666668,downweight
num_49,49,-0.03141386202921543,0.049594417502593996,0.25,0.00012463672935384044,0.05230614808649969,0.48559670781893005,False,0.06618124328323649,0.08671581889127883,0.08671581889127883,0.02758573388203018,0.024511111111111112,downweight
num_36,36,-0.01058358468525567,0.05715005132641269,0.45,0.0022038431494044767,0.04951745926665452,0.5267489711934157,False,0.02681927799254131,0.060254712565506956,0.060254712565506956,0.03171467764060357,0.02372222222222222,downweight
num_13,13,-0.013269685976566147,0.043407272316722895,0.3625,0.0015317264194428968,0.05501557072293099,0.5349794238683128,False,0.016132091257063837,0.05122275832479662,0.05122275832479662,0.20146776406035666,0.2066111111111111,downweight
num_63,63,0.014324143110766787,0.06814314505403056,0.625,-0.006515489862674898,0.069779253299096,0.5308641975308642,False,0.02590305819219548,0.0392516739555743,0.0392516739555743,0.015281207133058985,0.012722222222222222,downweight
num_89,89,0.00319434346115841,0.05697569647258228,0.5,-0.00998446649513121,0.047882016639748545,0.40329218106995884,False,0.016709638276286486,0.027745452535305234,0.027745452535305234,0.011810699588477367,0.01108888888888889,downweight
num_14,14,0.0031005603059361562,0.061272367196536746,0.575,-0.007174394310809374,0.054817037960953205,0.48148148148148145,False,0.0028989802474068504,0.0022950932830319844,0.0028989802474068504,0.024842249657064473,0.0182,downweight
num_48,48,-0.02659664916461451,0.06935408496956572,0.325,-0.027579430502683727,0.06221086212506116,0.2962962962962963,True,0.5947983648246512,1.182804247244399,1.182804247244399,0.12389574759945131,0.1618777777777778,rank_or_robust_transform
num_5,5,0.0015512419942691068,0.04448318075563645,0.4875,0.010182253266898289,0.11539842950203345,0.51440329218107,True,0.49745657060968573,0.6280916871541091,0.6280916871541091,0.3736488340192044,0.41625555555555555,rank_or_robust_transform
num_29,29,0.008893287846074339,0.08540059861606923,0.575,0.011292448040990223,0.10363318205068099,0.5390946502057613,True,0.6180662290043277,0.4005452931991969,0.6180662290043277,0.034910836762688614,0.0411,rank_or_robust_transform
num_76,76,-0.0227271712664373,0.10251737231867401,0.375,-0.055764914589971445,0.10142878663858075,0.2551440329218107,True,0.2740530540230438,0.41718275475102423,0.41718275475102423,0.1286008230452675,0.13463333333333333,rank_or_robust_transform
num_74,74,-0.03446569949023699,0.11354357103870982,0.4,-0.06380213755070278,0.1140144022049812,0.25925925925925924,True,0.28965106607300206,0.3515907657725444,0.3515907657725444,0.1147050754458162,0.08602222222222222,rank_or_robust_transform
num_83,83,-0.02272711523593534,0.06132924716865274,0.35,-0.008025572458911152,0.046306878251439,0.448559670781893,True,0.051684529040158106,0.1594271094052677,0.1594271094052677,0.06279835390946502,0.04395555555555555,stable_keep
num_33,33,-0.022053689550376343,0.05354228205688178,0.3,-0.007490059883100263,0.04239566176927169,0.448559670781893,True,0.049400837398326417,0.1326410536303097,0.1326410536303097,0.03688614540466392,0.025777777777777778,stable_keep
num_71,71,0.01794542557086034,0.10027410529552692,0.5875,0.051728214477863986,0.12903380458429167,0.6213991769547325,True,0.07099227560375383,0.11923694109584605,0.11923694109584605,0.05532235939643347,0.025655555555555556,stable_keep
num_32,32,-0.019335180842953645,0.06420519819470716,0.35,-0.006166815555365262,0.05584335486892218,0.4732510288065844,True,0.07095406390378237,0.11443683176144034,0.11443683176144034,0.03455418381344307,0.030322222222222223,stable_keep
num_94,94,0.008741926645435404,0.08314885748087923,0.625,0.005388201900043282,0.0913652013125082,0.5596707818930041,True,0.078414080078089,0.11348072257216472,0.11348072257216472,0.05278463648834019,0.056133333333333334,stable_keep
num_46,46,0.018447254658204036,0.04540784601243312,0.625,0.016409911219350846,0.05032513050625078,0.5925925925925926,True,0.042694324535303266,0.09999720358025983,0.09999720358025983,0.06576131687242798,0.08486666666666667,stable_keep
num_56,56,-0.018010504512728724,0.11107730407291593,0.4625,-0.04972501085941611,0.12726116417668046,0.3333333333333333,True,0.025976502940302165,0.09009591507422107,0.09009591507422107,0.03921810699588477,0.020422222222222224,stable_keep
num_95,95,0.010258067588405025,0.08698580355213574,0.525,0.01661712136608043,0.08908594170210972,0.5802469135802469,True,0.03877169674332537,0.08575984269312316,0.08575984269312316,0.07415637860082304,0.0840111111111111,stable_keep
num_77,77,-0.004904313160976963,0.06445471104326067,0.4125,-0.014870857073018974,0.07341948970017126,0.4156378600823045,True,0.022352839416523773,0.08486720501222456,0.08486720501222456,0.0354320987654321,0.026433333333333333,stable_keep
num_86,86,-0.035469197368551406,0.0561490586991128,0.25,-0.029945156189619748,0.06075264058023883,0.31275720164609055,True,0.08468402852267094,0.055013844079554106,0.08468402852267094,0.12714677640603567,0.12117777777777777,stable_keep
num_82,82,-0.018254652005569215,0.05072225369301949,0.375,-0.008155728799006896,0.03471877837050132,0.411522633744856,True,0.030153948239114624,0.0845821718093031,0.0845821718093031,0.07676268861454047,0.05644444444444444,stable_keep
num_31,31,-0.025518609624911703,0.0839763378429585,0.4,-0.005145779911082785,0.06311674126875677,0.46502057613168724,True,0.06425048495629401,0.07569580154690003,0.07569580154690003,0.03775034293552812,0.03651111111111111,stable_keep
num_68,68,-0.04522599865550002,0.14697450310239263,0.3625,-0.07584903940944251,0.1635517137528178,0.35390946502057613,True,0.03698586434002192,0.06916039580804992,0.06916039580804992,0.022496570644718793,0.006966666666666667,stable_keep
num_27,27,0.003823751613013486,0.10809963497536122,0.525,0.004631658821411539,0.138009789655028,0.5102880658436214,True,0.06640194376369918,0.06158976557468661,0.06640194376369918,0.030315500685871057,0.047933333333333335,stable_keep
num_55,55,-0.035994291374385576,0.06447756867650424,0.3125,-0.0053884029108869115,0.07131941030937554,0.4691358024691358,True,0.06502093967173088,0.06376114621859888,0.06502093967173088,0.14747599451303156,0.14147777777777779,stable_keep
num_93,93,-0.023952584267224693,0.08364358836153991,0.3875,-0.01035951553803162,0.08773671856929528,0.4691358024691358,True,0.060229507404790494,0.06319071409452602,0.06319071409452602,0.0,0.0,stable_keep
num_69,69,-0.04053791088259525,0.13859043919808767,0.3625,-0.07075261873119948,0.15747728056649934,0.36213991769547327,True,0.030813042858803145,0.06144766544993856,0.06144766544993856,0.005390946502057613,0.0033888888888888888,stable_keep
num_73,73,-0.030197852329701735,0.10622276950715076,0.4,-0.052466020670606045,0.11009880402434619,0.3374485596707819,True,0.057656703077959295,0.05607543561310775,0.057656703077959295,0.05319615912208505,0.03852222222222222,stable_keep
num_57,57,0.05805473698759618,0.05683327378588783,0.875,0.05242277363870715,0.05085068033719719,0.8559670781893004,True,0.0568611077071242,0.04075359769682929,0.0568611077071242,0.014348422496570645,0.0020444444444444447,stable_keep
num_67,67,0.016538361439840814,0.0896025767073188,0.575,0.04251667744436259,0.11088955797585892,0.6213991769547325,True,0.03507154908229288,0.05590524273320559,0.05590524273320559,0.051934156378600826,0.029055555555555557,stable_keep
num_40,40,-0.04454942233693111,0.06778415433854706,0.2,-0.027943703459641374,0.06080840380929465,0.3004115226337449,True,0.03502213644403415,0.0545650238417325,0.0545650238417325,0.005185185185185185,0.004477777777777778,stable_keep
num_39,39,-0.03589068753735621,0.09951051940144844,0.375,-0.051117776936484845,0.1003276680424652,0.27983539094650206,True,0.05420635833092019,0.00934655122420058,0.05420635833092019,0.07861454046639232,0.06227777777777778,stable_keep
num_88,88,-0.005036423488016307,0.05981522551686365,0.4875,-0.022665717272377,0.06594456231652694,0.40329218106995884,True,0.0359347634078661,0.04823517001262363,0.04823517001262363,0.017585733882030177,0.017477777777777776,stable_keep
num_92,92,-0.026215402675741,0.08253386029090885,0.4125,-0.00963512772099798,0.08675535022520518,0.48148148148148145,True,0.043362890776580704,0.04682310301379282,0.04682310301379282,0.0013305898491083677,0.0017333333333333333,stable_keep
num_41,41,-0.05181406801431722,0.13447158421684305,0.3375,-0.04116114630460328,0.12991660004904337,0.345679012345679,True,0.04674753946227883,0.03227405293201295,0.04674753946227883,0.16513031550068588,0.15136666666666668,stable_keep
num_60,60,0.016138391585171847,0.06169206052296902,0.625,0.028798661284088232,0.06605417468000636,0.654320987654321,True,0.011974830483826032,0.04627622792175421,0.04627622792175421,0.0813991769547325,0.1071,stable_keep
num_8,8,-0.061987341609616976,0.13493835958980574,0.325,-0.08692177971706788,0.15024606595555037,0.2839506172839506,True,0.035449517468540005,0.04567920847514322,0.04567920847514322,0.015294924554183813,0.007044444444444444,stable_keep
num_10,10,-0.026541422479146003,0.1687377489916128,0.4375,-0.03268383151092153,0.17259540865555406,0.411522633744856,True,0.04529544833172864,0.028677148234696123,0.04529544833172864,0.04720164609053498,0.040433333333333335,stable_keep
num_61,61,0.018453742017790594,0.061267752918122,0.65,0.03153536874497979,0.0664975624367221,0.6625514403292181,True,0.013532672115337112,0.04412648530955482,0.04412648530955482,0.10891632373113855,0.13623333333333335,stable_keep
num_66,66,-0.033438904666668934,0.12072840311135334,0.3625,-0.06143646826044362,0.14051608490273415,0.3662551440329218,True,0.017296661225910216,0.04250318859136399,0.04250318859136399,0.057695473251028806,0.03922222222222222,stable_keep
num_37,37,0.024176354381475813,0.050554897943660713,0.675,0.0021712833452267465,0.04674788264581088,0.51440329218107,True,0.04175746569600144,0.01257696935451557,0.04175746569600144,0.024869684499314128,0.012611111111111111,stable_keep
num_9,9,-0.029583954150614628,0.16239973216146308,0.4,-0.04981118443037487,0.17839172547527055,0.3868312757201646,True,0.035444122160551754,0.026659523046100798,0.035444122160551754,0.051001371742112486,0.04184444444444444,stable_keep
num_44,44,-0.00419259836389354,0.07854798143447819,0.5125,-0.00291565984139876,0.09119841775400328,0.48148148148148145,True,0.033279877159985594,0.018165687993371732,0.033279877159985594,0.09300411522633745,0.07288888888888889,stable_keep
num_7,7,-0.052356618366725075,0.1447415408663381,0.3875,-0.04729372744556918,0.12850823829321872,0.3333333333333333,True,0.03199664941601251,0.014822995858909071,0.03199664941601251,0.012688614540466393,0.009211111111111111,stable_keep
num_75,75,-0.01867976068760115,0.08829490469260674,0.3875,-0.013562749998932368,0.09480830101531566,0.42386831275720166,True,0.0024165169382393808,0.03152872186732047,0.03152872186732047,0.0334156378600823,0.0306,stable_keep
num_26,26,0.0035199960963042203,0.10702877665468281,0.525,0.007590227230842319,0.13298235429938177,0.5390946502057613,True,0.030896374050202506,0.031217795639399432,0.031217795639399432,0.018449931412894374,0.03813333333333333,stable_keep
num_43,43,-0.03184823627132762,0.08056493527732825,0.3375,-0.011695423599700891,0.08466173016922705,0.448559670781893,True,0.03059837855074815,0.024584036210706116,0.03059837855074815,0.0921673525377229,0.08212222222222222,stable_keep
num_15,15,0.014084957873569809,0.04705418814391713,0.6625,0.0009541707855970302,0.03602814170479846,0.5102880658436214,True,0.007268845495605131,0.029922515117088776,0.029922515117088776,0.040891632373113856,0.051,stable_keep
num_87,87,-0.03403777211196639,0.07112161774274187,0.2875,-0.016636932206012308,0.0782920947972858,0.43209876543209874,True,0.028987139719961093,0.01659238560243724,0.028987139719961093,0.09112482853223594,0.08226666666666667,stable_keep
num_96,96,-0.023483190582547275,0.0879487342194887,0.4625,-0.015043834076762339,0.09305930001467447,0.4444444444444444,True,0.025206076436999555,0.023178281011164995,0.025206076436999555,0.0835116598079561,0.06286666666666667,stable_keep
num_97,97,-0.024384188197938587,0.08381950684902095,0.4,-0.02479722871467845,0.09174051996165886,0.3950617283950617,True,0.025114851704642692,0.016224259922729113,0.025114851704642692,0.0833196159122085,0.06227777777777778,stable_keep
num_81,81,-0.009398856215745507,0.05537466335284541,0.475,-0.006175956402495944,0.05260367153465829,0.448559670781893,True,0.01141637079618388,0.022939583843629596,0.022939583843629596,0.11823045267489712,0.10043333333333333,stable_keep
num_45,45,-0.015950916932546348,0.09920786955230457,0.4625,-0.013621948050172639,0.10424915479106947,0.4567901234567901,True,0.021897165026917333,0.01787069208179209,0.021897165026917333,0.08488340192043896,0.06467777777777778,stable_keep
num_98,98,-0.019184873553939014,0.09124224013879492,0.45,-0.004113396778188146,0.09542104511801147,0.51440329218107,True,0.01988349393385646,0.013407497834825895,0.01988349393385646,0.08628257887517146,0.06445555555555556,stable_keep
num_80,80,-0.0013215625133645623,0.04937137687293454,0.55,-0.001122961456125723,0.05642774994993089,0.48559670781893005,True,0.014764925643647097,0.019863603205172786,0.019863603205172786,0.11116598079561042,0.09677777777777778,stable_keep
num_85,85,-0.024925136933942015,0.0531465677413402,0.275,-0.017623686347446224,0.06213752475487844,0.3868312757201646,True,0.01572102917339137,0.01827748588686596,0.01827748588686596,0.11333333333333333,0.12494444444444444,stable_keep
num_38,38,-0.02511976695770139,0.11630020673946323,0.45,-0.05970009799540371,0.109521286089203,0.27983539094650206,True,0.017785909622007993,0.008891010082377332,0.017785909622007993,0.058710562414266115,0.0452,stable_keep
num_4,4,0.018439972189819447,0.08444888016002124,0.625,0.008112465878960145,0.09459646395732083,0.551440329218107,True,0.017562213326375736,0.005667441889278918,0.017562213326375736,0.09895747599451303,0.07877777777777778,stable_keep
num_0,0,-0.017275557404943343,0.10377326840597115,0.4,-0.008474726259139316,0.10647496970293023,0.49794238683127573,True,0.012205343564455589,0.0156969157926068,0.0156969157926068,0.06946502057613169,0.056433333333333335,stable_keep
num_79,79,0.008737673843545578,0.0825902710077614,0.5875,0.01068748008167128,0.06695548426915209,0.588477366255144,True,0.012559117172718754,0.005783018475687753,0.012559117172718754,0.05104252400548697,0.04995555555555556,stable_keep
num_42,42,-0.03964361609662016,0.07075577012088825,0.3375,-0.01428078643156628,0.0643864728016285,0.38271604938271603,True,0.002736194121014325,0.012172193911662427,0.012172193911662427,0.010672153635116598,0.00908888888888889,stable_keep
num_2,2,-0.009131693153092894,0.10170170978358103,0.4625,-0.03262936931925172,0.0952899728049133,0.3868312757201646,True,0.006575389591275939,0.011215705954675676,0.011215705954675676,0.08288065843621399,0.06404444444444445,stable_keep
num_1,1,0.02485313292366567,0.06773587091505355,0.6375,0.016355864176585508,0.04834327358342495,0.6666666666666666,True,0.004046254260017469,0.01101224833124134,0.01101224833124134,0.09739368998628258,0.0843,stable_keep
num_58,58,-0.036343537152284895,0.06893210971486437,0.2875,-0.014056200573801502,0.06820375415295035,0.4156378600823045,True,0.006376015603998435,0.010508604417576952,0.010508604417576952,0.019958847736625516,0.017744444444444445,stable_keep
num_12,12,-0.006205023666786834,0.06569989814896135,0.4625,-0.00784354973969652,0.0636631006300478,0.4609053497942387,True,0.010086397506955388,0.0034840087347816255,0.010086397506955388,0.02364883401920439,0.023477777777777778,stable_keep
num_3,3,0.010854867008018685,0.10086086129951506,0.6,0.038413925411994745,0.10830773691892705,0.6666666666666666,True,0.0060033529656371085,0.009750642648820612,0.009750642648820612,0.059122085048010975,0.04713333333333333,stable_keep
num_84,84,-0.021309362665322854,0.08491410830676742,0.4125,-0.03299708094361413,0.07789871298020778,0.3497942386831276,True,0.005693615314306198,0.008229877442293126,0.008229877442293126,0.09337448559670782,0.10437777777777778,stable_keep
num_64,64,-0.014144251196951022,0.07284387123583613,0.375,-0.027249827659556893,0.06820394006508296,0.345679012345679,True,0.00218695208339624,0.0051147076500136154,0.0051147076500136154,0.002962962962962963,0.001788888888888889,stable_keep
num_59,59,0.01769187269766561,0.049493964894728674,0.6,0.0004023785208763584,0.042220624031709,0.5349794238683128,True,0.00332839034411718,0.00466892459979741,0.00466892459979741,0.040973936899862826,0.029755555555555556,stable_keep
num_30,30,-0.018838178303644766,0.0857450247161012,0.4375,-0.011177360529687631,0.07434445034024072,0.4403292181069959,True,0.0011601001367617047,0.0007276965128058452,0.0011601001367617047,0.0,0.0,stable_keep
